project_id,chain,token_address,pair_address,creator_address,creation_timestamp,rugpull_label,rugpull_type,source_dataset,collection_failed
reflation (RLF),ETH,,,,2002-07-18 00:00:00.000000000,1,,tm_rugpull,
Binance-Peg Ethereum Token,BSC,,,,2013-05-01 00:00:00.000000000,0,,tm_rugpull,
Wrapped Monero (WXMR),ETH,,,,2014-05-22 00:00:00.000000000,0,,tm_rugpull,
Kore (KORE),ETH,,,,2014-06-22 00:00:00.000000000,1,,tm_rugpull,
Wrapped SYS (WSYS),BSC,,,,2014-08-21 00:00:00.000000000,0,,tm_rugpull,
Tether USD (USDT),ETH,,,,2015-02-26 00:00:00.000000000,0,,tm_rugpull,
Agoras Token (AGRS),ETH,,,,2015-09-06 00:00:00.000000000,0,,tm_rugpull,
Franklin (FLy),ETH,,,,2015-09-15 00:00:00.000000000,0,,tm_rugpull,
AntiSocial Token (ANTI),BSC,,,,2015-12-16 00:00:00.000000000,1,,tm_rugpull,
Jewels (JWL),ETH,,,,2016-09-19 00:00:00.000000000,1,,tm_rugpull,
Binance-Peg Zcash Token (ZEC),BSC,,,,2016-11-09 00:00:00.000000000,0,,tm_rugpull,
Minter (MINT),BSC,,,,2016-11-13 00:00:00.000000000,1,,tm_rugpull,
Binance-Peg Maker (MKR),BSC,,,,2017-02-08 00:00:00.000000000,0,,tm_rugpull,
SwarmCity (SWT),ETH,,,,2017-03-04 00:00:00.000000000,1,,tm_rugpull,
ChronoTech Token (TIME),ETH,,,,2017-03-09 00:00:00.000000000,0,,tm_rugpull,
Ocean Token (OCEAN),ETH,,,,2017-03-16 00:00:00.000000000,0,,tm_rugpull,
Monolith (TKN),ETH,,,,2017-05-08 00:00:00.000000000,0,,tm_rugpull,
Gnosis (GNO),ETH,,,,2017-05-11 00:00:00.000000000,0,,tm_rugpull,
Aragon Network Token (ANT),ETH,,,,2017-05-28 00:00:00.000000000,0,,tm_rugpull,
Veritaseum (VERI),ETH,,,,2017-06-17 00:00:00.000000000,1,,tm_rugpull,
"
Bancor (BNT)",ETH,,,,2017-06-19 00:00:00.000000000,0,,tm_rugpull,
IceToken (ICE),ETH,,,,2017-06-24 00:00:00.000000000,0,,tm_rugpull,
StatusNetwork (SNT),ETH,,,,2017-07-07 00:00:00.000000000,1,,tm_rugpull,
Binance-Peg EOS Token (EOS),BSC,,,,2017-07-10 00:00:00.000000000,0,,tm_rugpull,
AdEx Network (ADX),BSC,,,,2017-07-10 00:00:00.000000000,0,,tm_rugpull,
Storj (STORJ),ETH,,,,2017-07-12 00:00:00.000000000,0,,tm_rugpull,
SunContract (SNC),ETH,,,,2017-07-15 00:00:00.000000000,1,,tm_rugpull,
BASv2 (BASv2),ETH,,,,2017-08-13 00:00:00.000000000,0,,tm_rugpull,
Civic (CVC),ETH,,,,2017-08-17 00:00:00.000000000,0,,tm_rugpull,
VeChain (VET),ETH,,,,2017-08-22 00:00:00.000000000,0,,tm_rugpull,
YOYOW (YOYOW),ETH,,,,2017-08-28 00:00:00.000000000,1,,tm_rugpull,
bitqy (BQ),ETH,,,,2017-09-05 00:00:00.000000000,1,,tm_rugpull,
ChainLink Token (LINK),ETH,,,,2017-09-21 00:00:00.000000000,0,,tm_rugpull,
TRON (TRX),BSC,,,,2017-09-22 00:00:00.000000000,0,,tm_rugpull,
Kyber Network Crystal v2 (KNC),ETH,,,,2017-09-25 00:00:00.000000000,0,,tm_rugpull,
Decentraland (MANA),ETH,,,,2017-09-25 00:00:00.000000000,0,,tm_rugpull,
Binance-Peg Cardano Token (ADA),BSC,,,,2017-10-02 00:00:00.000000000,0,,tm_rugpull,
ATMChain (ATM),ETH,,,,2017-10-12 00:00:00.000000000,1,,tm_rugpull,
Cindicator (CND),ETH,,,,2017-10-14 00:00:00.000000000,1,,tm_rugpull,
Tierion Network Token (TNT),ETH,,,,2017-10-18 00:00:00.000000000,1,,tm_rugpull,
AirSwap (AST),ETH,,,,2017-10-18 00:00:00.000000000,0,,tm_rugpull,
KuCoin Token (KCS),ETH,,,,2017-10-25 00:00:00.000000000,0,,tm_rugpull,
AirSwap (AST),ETH,,,,2017-10-26 00:00:00.000000000,1,,tm_rugpull,
Request (REQ),ETH,,,,2017-10-29 00:00:00.000000000,0,,tm_rugpull,
Fuel Token (FUEL),ETH,,,,2017-10-31 00:00:00.000000000,1,,tm_rugpull,
PRG (PRG),ETH,,,,2017-11-04 00:00:00.000000000,1,,tm_rugpull,
SmartMesh Token (SMT),ETH,,,,2017-12-19 00:00:00.000000000,1,,tm_rugpull,
Uquid Coin (UQC),ETH,,,,2017-12-21 00:00:00.000000000,0,,tm_rugpull,
Playkey (PKT),ETH,,,,2017-12-21 00:00:00.000000000,1,,tm_rugpull,
WAX Token (WAX),ETH,,,,2017-12-22 00:00:00.000000000,0,,tm_rugpull,
VERIFY (VRFY),BSC,,,,2017-12-23 00:00:00.000000000,1,,tm_rugpull,
Dai Stablecoin (DAI),ETH,,,,2017-12-27 00:00:00.000000000,0,,tm_rugpull,
Dai Stablecoin (DAI),ETH,,,,2018-01-04 00:00:00.000000000,0,,tm_rugpull,
Zap Finance (ZAP),BSC,,,,2018-01-13 00:00:00.000000000,1,,tm_rugpull,
OneRoot Network (RNT),ETH,,,,2018-01-16 00:00:00.000000000,1,,tm_rugpull,
Theta Token (THETA),ETH,,,,2018-01-22 00:00:00.000000000,0,,tm_rugpull,
Crypto20 (C20),ETH,,,,2018-01-23 00:00:00.000000000,0,,tm_rugpull,
HuobiToken (HT),ETH,,,,2018-02-08 00:00:00.000000000,0,,tm_rugpull,
CargoX (CXO),ETH,,,,2018-02-17 00:00:00.000000000,1,,tm_rugpull,
Republic (REN),ETH,,,,2018-02-22 00:00:00.000000000,0,,tm_rugpull,
Bezop (Bez),ETH,,,,2018-03-01 00:00:00.000000000,1,,tm_rugpull,
TrueUSD (TUSD),ETH,,,,2018-03-06 00:00:00.000000000,0,,tm_rugpull,
Sether (SETH),ETH,,,,2018-03-15 00:00:00.000000000,1,,tm_rugpull,
ShipChain SHIP (SHIP),ETH,,,,2018-03-18 00:00:00.000000000,1,,tm_rugpull,
InsurChain Coin (INSUR),ETH,,,,2018-03-25 00:00:00.000000000,1,,tm_rugpull,
Titanium BAR (TBAR),ETH,,,,2018-03-29 00:00:00.000000000,1,,tm_rugpull,
Binance-Peg Tezos Token (XTZ),BSC,,,,2018-04-07 00:00:00.000000000,0,,tm_rugpull,
Binance-Peg Tezos Token (XTZ),ETH,,,,2018-04-08 00:00:00.000000000,0,,tm_rugpull,
XinFin XDCE (XDCE),ETH,,,,2018-04-09 00:00:00.000000000,0,,tm_rugpull,
B2BCoin (BBC),ETH,,,,2018-05-08 00:00:00.000000000,1,,tm_rugpull,
FuzeX (FXT),ETH,,,,2018-05-16 00:00:00.000000000,1,,tm_rugpull,
BezantToken (BZNT),ETH,,,,2018-05-16 00:00:00.000000000,1,,tm_rugpull,
POPCHAIN CASH TOKEN (PCHT),ETH,,,,2018-05-22 00:00:00.000000000,1,,tm_rugpull,
Dropil (DROP),ETH,,,,2018-05-23 00:00:00.000000000,1,,tm_rugpull,
blocktrade (BTT),ETH,,,,2018-05-26 00:00:00.000000000,1,,tm_rugpull,
Rapture (RT),POLYGON,,,,2018-05-30 00:00:00.000000000,1,,tm_rugpull,
IoTeX Network (IOTX),ETH,,,,2018-06-03 00:00:00.000000000,0,,tm_rugpull,
Celsius (CEL),ETH,,,,2018-06-03 00:00:00.000000000,0,,tm_rugpull,
NKN (NKN),ETH,,,,2018-06-04 00:00:00.000000000,0,,tm_rugpull,
Energi (NRG),ETH,,,,2018-06-04 00:00:00.000000000,0,,tm_rugpull,
Bitcoiin (B2G),ETH,,,,2018-06-07 00:00:00.000000000,1,,tm_rugpull,
Proton Token (PTT),ETH,,,,2018-06-25 00:00:00.000000000,1,,tm_rugpull,
HashCoin (HSC),ETH,,,,2018-07-11 00:00:00.000000000,1,,tm_rugpull,
Everipedia IQ (IQ),ETH,,,,2018-07-14 00:00:00.000000000,0,,tm_rugpull,
BOB Token (BOB),ETH,,,,2018-07-15 00:00:00.000000000,1,,tm_rugpull,
Data Transaction Token (XD),ETH,,,,2018-07-17 00:00:00.000000000,1,,tm_rugpull,
DaTa eXchange Token (DTX),ETH,,,,2018-07-19 00:00:00.000000000,1,,tm_rugpull,
Shivers (SHVR),ETH,,,,2018-07-20 00:00:00.000000000,1,,tm_rugpull,
Scroll Network (Scroll),ETH,,,,2018-07-21 00:00:00.000000000,1,,tm_rugpull,
Mass Vehicle Ledger Token (MVL),ETH,,,,2018-07-27 00:00:00.000000000,0,,tm_rugpull,
STASIS EURS Token (EURS),ETH,,,,2018-07-31 00:00:00.000000000,0,,tm_rugpull,
Quant (QNT),ETH,,,,2018-08-11 00:00:00.000000000,0,,tm_rugpull,
C2C (C2C),ETH,,,,2018-08-11 00:00:00.000000000,1,,tm_rugpull,
Color Coin (CLR),ETH,,,,2018-08-13 00:00:00.000000000,1,,tm_rugpull,
ShowHand (HAND),ETH,,,,2018-08-17 00:00:00.000000000,1,,tm_rugpull,
RealTract (RET),ETH,,,,2018-09-09 00:00:00.000000000,1,,tm_rugpull,
Bunny Token (BUNNY),BSC,,,,2018-09-23 00:00:00.000000000,1,,tm_rugpull,
EcoRealEstate (ECOREAL),ETH,,,,2018-09-26 00:00:00.000000000,1,,tm_rugpull,
Eristica TOKEN (ERT),ETH,,,,2018-09-27 00:00:00.000000000,1,,tm_rugpull,
Robotina token (ROX),ETH,,,,2018-09-29 00:00:00.000000000,1,,tm_rugpull,
Pax Dollar (USDP),ETH,,,,2018-10-02 00:00:00.000000000,0,,tm_rugpull,
Bethereum (BETHER),ETH,,,,2018-10-03 00:00:00.000000000,1,,tm_rugpull,
YGGDRASH (YEED),ETH,,,,2018-10-21 00:00:00.000000000,1,,tm_rugpull,
Pinakion (PNK),ETH,,,,2018-11-02 00:00:00.000000000,1,,tm_rugpull,
Props Token (PROPS),ETH,,,,2018-11-08 00:00:00.000000000,0,,tm_rugpull,
Cronos Coin (CRO),ETH,,,,2018-12-15 00:00:00.000000000,0,,tm_rugpull,
Synthetix Network Token (SNX),ETH,,,,2018-12-16 00:00:00.000000000,0,,tm_rugpull,
FXPay (FXP),ETH,,,,2019-01-03 00:00:00.000000000,1,,tm_rugpull,
MINDOL (MIN),ETH,,,,2019-01-17 00:00:00.000000000,1,,tm_rugpull,
pTokens TLOS (TLOS),ETH,,,,2019-01-25 00:00:00.000000000,0,,tm_rugpull,
OnlyChain(Only),ETH,,,,2019-01-28 00:00:00.000000000,1,,tm_rugpull,
Wrapped BTC (WBTC),ETH,,,,2019-02-01 00:00:00.000000000,0,,tm_rugpull,
HuobiPoolToken (HPT),ETH,,,,2019-02-02 00:00:00.000000000,1,,tm_rugpull,
LTO Network Token (LTO),ETH,,,,2019-02-25 00:00:00.000000000,0,,tm_rugpull,
Insureum Token (ISR),ETH,,,,2019-03-04 00:00:00.000000000,1,,tm_rugpull,
Fetch (FET),ETH,,,,2019-03-11 00:00:00.000000000,0,,tm_rugpull,
Ankr Network (ANKR),ETH,,,,2019-03-13 00:00:00.000000000,0,,tm_rugpull,
CelerToken (CELR),ETH,,,,2019-04-04 00:00:00.000000000,0,,tm_rugpull,
VIDT DAO (VIDT),ETH,,,,2019-04-07 00:00:00.000000000,0,,tm_rugpull,
DigiFund (DFUND),BSC,,,,2019-04-12 00:00:00.000000000,1,,tm_rugpull,
V-ID Token (VIDT),ETH,,,,2019-04-14 00:00:00.000000000,1,,tm_rugpull,
Ocean Ventures,BSC,,,,2019-05-03 00:00:00.000000000,1,,tm_rugpull,
OKB (OKB),ETH,,,,2019-05-07 00:00:00.000000000,0,,tm_rugpull,
BSC-Peg Thunder Token (TT),BSC,,,,2019-05-17 00:00:00.000000000,0,,tm_rugpull,
Locus Chain (LOCUS),ETH,,,,2019-05-21 00:00:00.000000000,0,,tm_rugpull,
Reserve Rights (RSR),ETH,,,,2019-05-31 00:00:00.000000000,0,,tm_rugpull,
Webflix Token (WFX),ETH,,,,2019-06-12 00:00:00.000000000,1,,tm_rugpull,
W12 Token (W12),ETH,,,,2019-06-24 00:00:00.000000000,1,,tm_rugpull,
COS (COS),ETH,,,,2019-06-25 00:00:00.000000000,0,,tm_rugpull,
chiliZ (CHZ),ETH,,,,2019-07-11 00:00:00.000000000,0,,tm_rugpull,
Binance-Peg COTI Token (COTI),BSC,,,,2019-07-13 00:00:00.000000000,0,,tm_rugpull,
Contentos (COS),ETH,,,,2019-07-17 00:00:00.000000000,1,,tm_rugpull,
qiibeeToken (QBX),ETH,,,,2019-07-17 00:00:00.000000000,1,,tm_rugpull,
qiibeeToken (QBX),ETH,,,,2019-07-17 00:00:00.000000000,0,,tm_rugpull,
ARPA Token (ARPA),ETH,,,,2019-07-23 00:00:00.000000000,0,,tm_rugpull,
THORChain ETH.RUNE,ETH,,,,2019-07-24 00:00:00.000000000,0,,tm_rugpull,
LOO,BSC,,,,2019-07-29 00:00:00.000000000,1,,tm_rugpull,
THORChain ETH.RUNE (RUNE),ETH,,,,2019-07-30 00:00:00.000000000,0,,tm_rugpull,
FLEX Coin (FLEX),ETH,,,,2019-07-30 00:00:00.000000000,0,,tm_rugpull,
BOSAGORA (BOA),ETH,,,,2019-08-06 00:00:00.000000000,0,,tm_rugpull,
Xystus (xys),ETH,,,,2019-08-08 00:00:00.000000000,1,,tm_rugpull,
Internet Cashowbiz (ICBB),ETH,,,,2019-08-14 00:00:00.000000000,1,,tm_rugpull,
GateChainToken (GT),ETH,,,,2019-08-27 00:00:00.000000000,0,,tm_rugpull,
USDK (USDK),ETH,,,,2019-08-29 00:00:00.000000000,0,,tm_rugpull,
Swipe (SXP),ETH,,,,2019-09-02 00:00:00.000000000,0,,tm_rugpull,
RAE Token (RAE),ETH,,,,2019-09-02 00:00:00.000000000,0,,tm_rugpull,
BandToken (BAND),ETH,,,,2019-09-19 00:00:00.000000000,0,,tm_rugpull,
Rupiah Token (IDRT),ETH,,,,2019-09-25 00:00:00.000000000,0,,tm_rugpull,
RankingBall Gold (RBG),ETH,,,,2019-09-26 00:00:00.000000000,1,,tm_rugpull,
Binance-Peg PAX Gold (PAXG),BSC,,,,2019-10-02 00:00:00.000000000,0,,tm_rugpull,
Ampleforth (AMPL),ETH,,,,2019-10-14 00:00:00.000000000,0,,tm_rugpull,
pahoo (pahoo),ETH,,,,2019-10-21 00:00:00.000000000,1,,tm_rugpull,
DX_2335.0,ETH,0x59434a7b9aeebe94045d3715aa020f6a1d7875ad,,,2020-01-01 00:00:00.000000000,1,Transaction Limitation,dianxiang_sun,True
Akropolis (AKRO),ETH,,,,2020-01-01 00:00:00.000000000,0,,tm_rugpull,
DX_1162.0,ETH,0xf183bcac25cacccf01f4a8727cf773358c8ecb35,,,2020-01-01 00:00:00.000000000,1,Transaction Limitation,dianxiang_sun,True
Compound Dai (cDAI),ETH,,,,2020-01-01 00:00:00.000000000,0,,tm_rugpull,
Tellor Tributes (TRB),ETH,,,,2020-01-01 00:00:00.000000000,0,,tm_rugpull,
Rocket Pool (RPL),ETH,,,,2020-01-01 00:00:00.000000000,0,,tm_rugpull,
DX_1588.0,ETH,0x0355a2b288ee13f7cf6666cf2b6b690761c5e9fa,,,2020-01-01 10:13:39.614711033,1,Transaction Limitation,dianxiang_sun,True
DX_1.0,ETH,0xc3c51c071e5f1eca09575ac35e90956ae3b27311,,,2020-01-01 20:27:19.229422066,1,Combination,dianxiang_sun,True
DX_1058.0,ETH,0x877664f7df9c9df1a077e4068e4dcae9b33fb2b0,,,2020-01-03 03:08:18.073555166,1,Transaction Limitation,dianxiang_sun,True
DX_1468.0,ETH,0x2cbf9f57e764741e969df8e596fd10d50f5e800d,,,2020-01-03 13:21:57.688266199,1,Transaction Limitation,dianxiang_sun,True
DX_2358.0,BSC,0x7c8ffcfEFFf2e62A77BfA82bDba730cC0e8129CF,,,2020-01-05 16:30:15.761821366,1,Unverified contract,dianxiang_sun,True
Jobchain (JOB),ETH,,,,2020-01-06 00:00:00.000000000,1,,tm_rugpull,
BetProtocolToken (BEPRO),ETH,,,,2020-01-06 00:00:00.000000000,0,,tm_rugpull,
DX_1362.0,ETH,0x04208b787bc734b967aae6e61097a745f2d0c83e,,,2020-01-06 12:57:34.991243432,1,Transaction Limitation,dianxiang_sun,True
DX_786.0,ETH,0x7b508333ac4847e49271edd24ef4516a422a436d,,,2020-01-06 23:11:14.605954465,1,Transaction Limitation,dianxiang_sun,True
DX_1576.0,ETH,0xaed6dcac4d6630393c5a85f3fe180dc5743d79d1,,,2020-01-07 19:38:33.835376532,1,Transaction Limitation,dianxiang_sun,True
DX_160.0,ETH,0xe5824f424ecccf6b2238ebbf92c7cd0b2de2c73f,,,2020-01-07 19:38:33.835376532,1,Fee,dianxiang_sun,True
DX_1869.0,ETH,0x4fb40b89285177c593397549fc57c52fe3ed01e1,,,2020-01-08 16:05:53.064798598,1,Transaction Limitation,dianxiang_sun,True
DX_1199.0,ETH,0x997142cff147bab2f00e8a0b0feb275ddbd338ee,,,2020-01-08 16:05:53.064798598,1,Transaction Limitation,dianxiang_sun,True
DX_1248.0,ETH,0x9fe3dbd3521b0c051b18cb0cca15490da8bc5118,,,2020-01-08 16:05:53.064798598,1,Transaction Limitation,dianxiang_sun,True
DX_2328.0,ETH,0x448fcea60482c0ea5d02fa44648c3749c46c4a29,,,2020-01-09 12:33:12.294220665,1,Transaction Limitation,dianxiang_sun,True
DX_1218.0,ETH,0x86f2b0105ea819e11546713207405473c186cb91,,,2020-01-10 09:00:31.523642732,1,Transaction Limitation,dianxiang_sun,True
DX_1554.0,ETH,0x766a51ef6afd317af3f122c186c3901a498a2281,,,2020-01-10 09:00:31.523642732,1,Transaction Limitation,dianxiang_sun,True
DX_2007.0,ETH,0xad0fc52c7a96dc0679c311d95a36967d50be569b,,,2020-01-11 05:27:50.753064798,1,Transaction Limitation,dianxiang_sun,True
DX_2091.0,ETH,0x650734bfd0465b7c6cd2932ea555e721308fd0b3,,,2020-01-11 05:27:50.753064798,1,Transaction Limitation,dianxiang_sun,True
DX_490.0,ETH,0x4a6f27f92f2fa8c89c0c5ded2f99c3726a313af3,,,2020-01-12 12:08:49.597197898,1,Transaction Limitation,dianxiang_sun,True
DX_1704.0,ETH,0x0868055f30dc47a873176dea746b9d27a71e4ec1,,,2020-01-12 22:22:29.211908931,1,Transaction Limitation,dianxiang_sun,True
DX_1594.0,ETH,0xf5f179c894736a682c022562a474ffa80cf9603c,,,2020-01-12 22:22:29.211908931,1,Transaction Limitation,dianxiang_sun,True
DX_1142.0,ETH,0x9239411c92851ea2a4ed91a7e61acb68411f0728,,,2020-01-13 18:49:48.441330998,1,Transaction Limitation,dianxiang_sun,True
DX_2213.0,ETH,0xa630823bd70ab8e8e2d6e62089d3837db1887bf6,,,2020-01-13 18:49:48.441330998,1,Transaction Limitation,dianxiang_sun,True
DX_2341.0,ETH,0x1ebf20031b03b80e5f6fdbeb9f86d44145224006,,,2020-01-13 18:49:48.441330998,1,Transaction Limitation,dianxiang_sun,True
DX_2344.0,ETH,0x3e013fc32a54c4c5b6991ba539dcd0ec4355c859,,,2020-01-13 18:49:48.441330998,1,Transaction Limitation,dianxiang_sun,True
Fuse Token (FUSE),ETH,,,,2020-01-14 00:00:00.000000000,0,,tm_rugpull,
RIFT Token (RIFT),ETH,,,,2020-01-15 00:00:00.000000000,1,,tm_rugpull,
DX_1871.0,ETH,0x2cfc5bb059a08e7746f20cf44ad1875055769020,,,2020-01-15 01:30:47.285464098,1,Transaction Limitation,dianxiang_sun,True
DX_239.0,BSC,0x992da3dcbe17bf3c4a2745b4ce7f6e94f5dae591,,,2020-01-15 01:30:47.285464098,1,Token Generation,dianxiang_sun,True
DX_269.0,ETH,0x386cabc0b14a507a4e024dea15554342865b20de,,,2020-01-15 11:44:26.900175131,1,Token Generation,dianxiang_sun,True
DX_1794.0,ETH,0x3a862ba102c7a1e65548e8084b45ad589dca299d,,,2020-01-15 21:58:06.514886164,1,Transaction Limitation,dianxiang_sun,True
DX_867.0,ETH,0x0cd44a504562100e7a9bf84fccb25db3f0b204a9,,,2020-01-15 21:58:06.514886164,1,Transaction Limitation,dianxiang_sun,True
DX_1951.0,ETH,0x3db16d6f74242b57f860f2d038c9c701b9e0e5eb,,,2020-01-17 04:39:05.359019264,1,Transaction Limitation,dianxiang_sun,True
DX_1729.0,ETH,0x9be441f53e7fc1a92ef21a1905e7e7974b00d303,,,2020-01-17 04:39:05.359019264,1,Transaction Limitation,dianxiang_sun,True
DX_2067.0,ETH,0x4c3d09e964de6232d978be506f4becc4f0c2b309,,,2020-01-17 04:39:05.359019264,1,Transaction Limitation,dianxiang_sun,True
DX_1533.0,ETH,0xe7650a78f6f306072badcec2eb987c27a1b65a0d,,,2020-01-18 01:06:24.588441331,1,Transaction Limitation,dianxiang_sun,True
DX_379.0,ETH,0x9671065b4fad632222de0f4e0d873fe26d908e3d,,,2020-01-20 14:28:22.276707530,1,Transaction Limitation,dianxiang_sun,True
DX_1930.0,ETH,0xf836e7a376b73e96181e56e508b1435abefe94ed,,,2020-01-21 10:55:41.506129597,1,Transaction Limitation,dianxiang_sun,True
DX_512.0,ETH,0xa3a00c2dbc91d3c2881ccf59ed459aa2bdfeb5ed,,,2020-01-21 10:55:41.506129597,1,Transaction Limitation,dianxiang_sun,True
DX_224.0,BSC,0x208cfEc94d2BA8B8537da7A9BB361c6baAD77272,,,2020-01-22 07:23:00.735551663,1,Token Distribution,dianxiang_sun,True
DX_1661.0,ETH,0xaeded88b4faabc32cfdc9bf13566d52fc38b57a4,,,2020-01-22 17:36:40.350262697,1,Transaction Limitation,dianxiang_sun,True
DX_670.0,ETH,0xe216bf84afff4b29d8f4aeff301fc7473e3d368c,,,2020-01-22 17:36:40.350262697,1,Transaction Limitation,dianxiang_sun,True
DX_2137.0,ETH,0x23a91059fdc9579a9fbd0edc5f2ea0bfdb70deb4,,,2020-01-23 03:50:19.964973730,1,Transaction Limitation,dianxiang_sun,True
DX_548.0,ETH,0x5b34d10411cc88ce840feb96db4da6a8a850c831,,,2020-01-23 14:03:59.579684763,1,Transaction Limitation,dianxiang_sun,True
DX_949.0,ETH,0xc22b5d5be25f73345d97f3598506f4f12561cd26,,,2020-01-24 10:31:18.809106830,1,Transaction Limitation,dianxiang_sun,True
DX_764.0,ETH,0x7572bbf1df240d20c49f5e5e7fa3f426c5d40755,,,2020-01-24 20:44:58.423817863,1,Transaction Limitation,dianxiang_sun,True
DX_28.0,ETH,0x1829aa045e21e0d59580024a951db48096e01782,,,2020-01-25 06:58:38.038528896,1,Destroy Token,dianxiang_sun,True
DX_2254.0,ETH,0xacfc9577583ded00ae53ae79a0346cca4655c0bb,,,2020-01-25 06:58:38.038528896,1,Transaction Limitation,dianxiang_sun,True
DX_732.0,ETH,0x4938469b824b9a442a4e75ffe39e327529d13664,,,2020-01-26 13:39:36.882661996,1,Transaction Limitation,dianxiang_sun,True
DX_766.0,ETH,0xedca2aa1d529fa146ea18fc23ac8a06520c4394f,,,2020-01-27 10:06:56.112084063,1,Transaction Limitation,dianxiang_sun,True
Rai.Finance (SOFI),ETH,,,,2020-01-29 00:00:00.000000000,0,,tm_rugpull,
DX_176.0,ETH,0x9b7b60451da2f3fcb5274a4d64e27bafd6d22342,,,2020-01-29 03:01:34.570928196,1,Fee,dianxiang_sun,True
DX_15.0,BSC,0xCDD6494aEB193C8d5541b5B9c5e72a3809A98fdc,,,2020-01-29 03:01:34.570928196,1,Combination,dianxiang_sun,True
DX_231.0,BSC,0x19a00e359990Ec7dAf6e9dD9A2Fb7664014bB5f7,,,2020-01-30 09:42:33.415061296,1,Token Distribution,dianxiang_sun,True
CRP_51,Ethereum,0xa942890d7FC60F0D4a516f63dd273DcDE72aE6c9,,,2020-01-31 16:23:32.259194395,1,,crpwarner,True
DX_551.0,ETH,0x8659f45232f23b57e694804dc51d7064c326b535,,,2020-02-01 12:50:51.488616462,1,Transaction Limitation,dianxiang_sun,True
DX_1545.0,ETH,0x92a6e37c5307883ebf3dcf1f3253752fb905c9d4,,,2020-02-01 23:04:31.103327495,1,Transaction Limitation,dianxiang_sun,True
DX_1217.0,ETH,0xa42d2cf57b21328e7494b8ba33cc2eb0ffa395eb,,,2020-02-02 09:18:10.718038529,1,Transaction Limitation,dianxiang_sun,True
DX_1331.0,ETH,0xfeaf96cf4a0da1e4edb8e0a959cb1fcff35e5ccc,,,2020-02-02 19:31:50.332749562,1,Transaction Limitation,dianxiang_sun,True
DX_1680.0,ETH,0xa8007b46aab6695346c89be8b377276662cbd6c3,,,2020-02-04 02:12:49.176882662,1,Transaction Limitation,dianxiang_sun,True
CRP_7,Ethereum,0x292E89d5D5BDab3aF2f5838C194c1983f0140b43,,,2020-02-05 08:53:48.021015761,1,,crpwarner,True
DX_1977.0,ETH,0xa792cba3dd118fa25ad418605a285e6cb1d25a82,,,2020-02-05 08:53:48.021015761,1,Transaction Limitation,dianxiang_sun,True
DX_1677.0,ETH,0x06684e3d5ce17681b49737502a558c8cc73d7a13,,,2020-02-05 08:53:48.021015761,1,Transaction Limitation,dianxiang_sun,True
DX_2054.0,ETH,0xf4cfdb2807afbeb738a77a4fd045efdc0c798b93,,,2020-02-06 15:34:46.865148861,1,Transaction Limitation,dianxiang_sun,True
DX_1998.0,ETH,0xe781f9014661e6c2e6ff45e08a3a7fbf4d14787d,,,2020-02-07 01:48:26.479859895,1,Transaction Limitation,dianxiang_sun,True
DX_540.0,ETH,0xa1b788d1a06071c13eb4e387113c210ac0fa3876,,,2020-02-09 04:56:44.553415061,1,Transaction Limitation,dianxiang_sun,True
DX_183.0,ETH,0x7e91ae4ff590038bfdace5b7c656bb9667986b4c,,,2020-02-10 11:37:43.397548161,1,Fee,dianxiang_sun,True
DX_742.0,ETH,0x543ed43d2b68d13a4ac873d0298f60ee1aa17ad3,,,2020-02-11 08:05:02.626970227,1,Transaction Limitation,dianxiang_sun,True
DX_1240.0,ETH,0x661bb561e7fc5a2b2b5fd883ee35c395c4ae9985,,,2020-02-12 04:32:21.856392294,1,Transaction Limitation,dianxiang_sun,True
DX_1475.0,ETH,0x31d6405e73bff7fb3307f572e48f22959f2b829d,,,2020-02-13 00:59:41.085814360,1,Transaction Limitation,dianxiang_sun,True
DX_1048.0,ETH,0xbd8998fd4160c50e6f5a99837ee4b702592ad6d6,,,2020-02-13 11:13:20.700525394,1,Transaction Limitation,dianxiang_sun,True
DX_517.0,ETH,0xe859e007eac36ba95146648d0646a8651e30237e,,,2020-02-13 11:13:20.700525394,1,Transaction Limitation,dianxiang_sun,True
DX_331.0,ETH,0xcb33ba014340aac7644184772c4c5f431b3e1ad9,,,2020-02-13 11:13:20.700525394,1,Transaction Limitation,dianxiang_sun,True
SatoshiSwap (SWAP),BSC,,,,2020-02-14 00:00:00.000000000,1,,tm_rugpull,
DX_1167.0,ETH,0xe26a6f4d7a0768fcc5529dd24dee6caca7ac0d3a,,,2020-02-14 17:54:19.544658493,1,Transaction Limitation,dianxiang_sun,True
DX_1222.0,ETH,0x0ad0ad3db75ee726a284cfafa118b091493938ef,,,2020-02-16 00:35:18.388791593,1,Transaction Limitation,dianxiang_sun,True
DX_272.0,ETH,0xa821f14fb6394e82839f5161f214cacc90372453,,,2020-02-16 10:48:58.003502627,1,Token Generation,dianxiang_sun,True
DX_1946.0,ETH,0x54f7a6181fb009314fcce2c8f9cdfc25ad3652c4,,,2020-02-18 03:43:36.462346760,1,Transaction Limitation,dianxiang_sun,True
DX_2327.0,ETH,0x0e8f2803fa16492b948bc470c69e99460942db2b,,,2020-02-18 03:43:36.462346760,1,Transaction Limitation,dianxiang_sun,True
DX_1996.0,ETH,0xb69f534d752c18cf37380d6b4f8e5e624c01c505,,,2020-02-19 00:10:55.691768826,1,Transaction Limitation,dianxiang_sun,True
DX_416.0,ETH,0x0e021fb2b6f69e78020922bbdb39deb1aae7cad4,,,2020-02-19 10:24:35.306479859,1,Transaction Limitation,dianxiang_sun,True
DX_834.0,ETH,0xf3e37055817d285d868b4094b737159edf7ad6cd,,,2020-02-20 06:51:54.535901926,1,Transaction Limitation,dianxiang_sun,True
DX_502.0,ETH,0x951d46d032f6a13b536ac35bc2f163e42dada041,,,2020-02-21 03:19:13.765323993,1,Transaction Limitation,dianxiang_sun,True
DX_2323.0,ETH,0xc1d73e148590b60ce9dd42d141f9b27bbad07879,,,2020-02-21 03:19:13.765323993,1,Transaction Limitation,dianxiang_sun,True
DX_110.0,ETH,0xb9a9786d3965a11b941af91eb674c31c5083a30a,,,2020-02-21 03:19:13.765323993,1,Fee,dianxiang_sun,True
DX_1616.0,ETH,0x59f854ef7fcb0d4035c28057c497334c43f0b8bd,,,2020-02-21 23:46:32.994746059,1,Transaction Limitation,dianxiang_sun,True
DX_1366.0,ETH,0x1d9d6296cb40b3ad2fc169e85427cabe81eec418,,,2020-02-21 23:46:32.994746059,1,Transaction Limitation,dianxiang_sun,True
DX_1572.0,ETH,0xe9344a419cc8acbb13d0cb8db0d13d61f7d6cafa,,,2020-02-22 20:13:52.224168126,1,Transaction Limitation,dianxiang_sun,True
DX_445.0,ETH,0x01bcc88d1b62e97f9bd6a058d1f442226a234ea3,,,2020-02-24 13:08:30.683012259,1,Transaction Limitation,dianxiang_sun,True
DX_1693.0,ETH,0xf3639fb3e390c1ea1fa4aa504a7c8e927d119ce9,,,2020-02-24 13:08:30.683012259,1,Transaction Limitation,dianxiang_sun,True
DX_956.0,ETH,0xe2c8eb0d8df27547523aa71b5153540bcff67473,,,2020-02-25 19:49:29.527145359,1,Transaction Limitation,dianxiang_sun,True
DX_169.0,ETH,0xff12840671687bee10cd1b775be58ac7a3942446,,,2020-02-26 16:16:48.756567425,1,Fee,dianxiang_sun,True
DX_173.0,ETH,0x35300bc6dda8db73ae50ddee454e2b6704bee1e6,,,2020-02-27 02:30:28.371278459,1,Fee,dianxiang_sun,True
DX_1384.0,ETH,0x9bde3934e2c24fd92a49b98bb430da257d80ecc7,,,2020-02-27 22:57:47.600700525,1,Transaction Limitation,dianxiang_sun,True
DX_2098.0,ETH,0x96830139e44251ddbe3d1c4c4110262b47cf6d34,,,2020-02-29 05:38:46.444833625,1,Transaction Limitation,dianxiang_sun,True
DX_589.0,ETH,0xd9a84fa6b014a307330f8af0bfa7f519f7604b81,,,2020-02-29 05:38:46.444833625,1,Transaction Limitation,dianxiang_sun,True
DX_1719.0,ETH,0x99f106c1cbe266613fbaf8bf5ef5c07d0e6d222f,,,2020-02-29 15:52:26.059544658,1,Transaction Limitation,dianxiang_sun,True
DX_350.0,ETH,0x6d3475a51ef25e210e7f2851ce4af528738a975a,,,2020-02-29 15:52:26.059544658,1,Transaction Limitation,dianxiang_sun,True
DX_653.0,ETH,0x540da267dec95da2094fd544a9d1251d4a1985d4,,,2020-03-01 22:33:24.903677758,1,Transaction Limitation,dianxiang_sun,True
DX_1804.0,ETH,0x9d03057eb2db305c0f7e86d2de30fb01f40655d0,,,2020-03-04 22:09:02.206654991,1,Transaction Limitation,dianxiang_sun,True
DX_2326.0,ETH,0x0e35f4f608d4a8fa560595db79cfda02d790777b,,,2020-03-04 22:09:02.206654991,1,Transaction Limitation,dianxiang_sun,True
DX_1219.0,ETH,0x7ee665c2265c9a6b2ac8b70c4f9811af72810cb1,,,2020-03-05 08:22:41.821366024,1,Transaction Limitation,dianxiang_sun,True
DX_990.0,ETH,0xd19ffe6831be59bfb2b1e8ac18192c81e29654a7,,,2020-03-06 04:50:01.050788091,1,Transaction Limitation,dianxiang_sun,True
DX_2299.0,ETH,0xaec8162438b83646518f3bf3a70b048979f81fab,,,2020-03-06 15:03:40.665499124,1,Transaction Limitation,dianxiang_sun,True
DX_1875.0,ETH,0x004ddea0b86fc5e7bc301667768ac186897c5825,,,2020-03-06 15:03:40.665499124,1,Transaction Limitation,dianxiang_sun,True
DX_1093.0,ETH,0x56976cc8da9c768640b746ef62e08297fef93b5a,,,2020-03-08 07:58:19.124343257,1,Transaction Limitation,dianxiang_sun,True
DX_2324.0,ETH,0x930dfbdc5e9f1984a8d87de29d6a79fbb2bb7b32,,,2020-03-10 21:20:16.812609457,1,Transaction Limitation,dianxiang_sun,True
DX_902.0,ETH,0xfd7391d280d0a75f428e82e81692776a3f9586ea,,,2020-03-11 07:33:56.427320490,1,Transaction Limitation,dianxiang_sun,True
DX_2274.0,ETH,0xbae339b730cb3a58eff2f2f2fa4af579332c3e1c,,,2020-03-11 17:47:36.042031523,1,Transaction Limitation,dianxiang_sun,True
DX_1843.0,ETH,0x3327bd9dd1f47a22816051ebeac4f21c86abcb63,,,2020-03-11 17:47:36.042031523,1,Transaction Limitation,dianxiang_sun,True
DX_178.0,ETH,0xb3cac6896f5b1e993744789f6ddcaac86114aff8,,,2020-03-12 04:01:15.656742557,1,Fee,dianxiang_sun,True
DX_25.0,ETH,0x765f0c16d1ddc279295c1a7c24b0883f62d33f75,,,2020-03-13 00:28:34.886164623,1,Destroy Token,dianxiang_sun,True
DX_21.0,ETH,0x99bc08db67f52010f2d6017b7ad968808113db10,,,2020-03-14 17:23:13.345008756,1,Destroy Token,dianxiang_sun,True
DX_908.0,ETH,0x30f99c0bf62d43901703d1d3476364d35aa1d647,,,2020-03-15 03:36:52.959719790,1,Transaction Limitation,dianxiang_sun,True
DX_1087.0,ETH,0xb91fb70b4aedbfbe3ccb114c5861f7d2c50a497c,,,2020-03-16 00:04:12.189141856,1,Transaction Limitation,dianxiang_sun,True
Compound Wrapped BTC (cWBTC),ETH,,,,2020-03-17 00:00:00.000000000,0,,tm_rugpull,
DX_2296.0,ETH,0x53018f93f9240cf7e01301cdc4b3e45d25481f73,,,2020-03-17 06:45:11.033274956,1,Transaction Limitation,dianxiang_sun,True
DX_535.0,ETH,0x1d016296bab33cb1012df3e3c5c409c34f27873a,,,2020-03-17 16:58:50.647985989,1,Transaction Limitation,dianxiang_sun,True
DX_1015.0,ETH,0x5b3e23724d2b42774ad891ec1863d17eccf339c4,,,2020-03-18 23:39:49.492119089,1,Transaction Limitation,dianxiang_sun,True
DX_317.0,ETH,0x2467aa6b5a2351416fd4c3def8462d841feeecec,,,2020-03-20 06:20:48.336252189,1,Transaction Limitation,dianxiang_sun,True
DX_743.0,ETH,0x4128abe03cb7a2c6078f6283e8e560723ea08a94,,,2020-03-20 06:20:48.336252189,1,Transaction Limitation,dianxiang_sun,True
DX_2162.0,ETH,0x4ba0d338a7c41cc12778e0a2fa6df2361e8d8465,,,2020-03-20 16:34:27.950963222,1,Transaction Limitation,dianxiang_sun,True
DX_2166.0,ETH,0x50abfc76b637b70571c301071f7ce660c1c3d847,,,2020-03-21 13:01:47.180385289,1,Transaction Limitation,dianxiang_sun,True
DX_1649.0,ETH,0x34173aa873f754169e269d5ec3526573c1433200,,,2020-03-21 23:15:26.795096322,1,Transaction Limitation,dianxiang_sun,True
DX_644.0,ETH,0x9d6970d9e774347ee0755a310555ded2af415c44,,,2020-03-24 02:23:44.868651488,1,Transaction Limitation,dianxiang_sun,True
DX_870.0,ETH,0x520ad62c62fa93799b68c9095e3402dab4236847,,,2020-03-25 19:18:23.327495621,1,Transaction Limitation,dianxiang_sun,True
DX_58.0,ETH,0xd8ff89ab224f92403564073967aa2a5d1dcc9266,,,2020-03-25 19:18:23.327495621,1,Fee,dianxiang_sun,True
DX_2045.0,ETH,0x03ed890912679a0796c759e0224f32e1a3b2f0b7,,,2020-03-26 15:45:42.556917688,1,Transaction Limitation,dianxiang_sun,True
DX_1187.0,ETH,0xfdb3cc1d48fae169b87f6891bf996a611ca5c9c4,,,2020-03-27 01:59:22.171628721,1,Transaction Limitation,dianxiang_sun,True
DX_1466.0,ETH,0xe6a739e8dc3b2f81cae3f76bb7cf6ab62b127a76,,,2020-03-27 22:26:41.401050788,1,Transaction Limitation,dianxiang_sun,True
DX_1906.0,ETH,0xe566585e097db50b38bc53164eae2be0d9e6ac0d,,,2020-03-28 08:40:21.015761821,1,Transaction Limitation,dianxiang_sun,True
DX_1319.0,ETH,0x9aa17b8b79a614cf073e13d97abeaa31294777d9,,,2020-03-29 15:21:19.859894921,1,Transaction Limitation,dianxiang_sun,True
DX_1880.0,ETH,0x7cb2cef87b20c634624c764736010359fa8b61f1,,,2020-03-31 18:29:37.933450087,1,Transaction Limitation,dianxiang_sun,True
DX_2230.0,ETH,0x062e659a3c8991bc1739e72c68edb9ac7b5a8ca7,,,2020-04-01 04:43:17.548161121,1,Transaction Limitation,dianxiang_sun,True
DX_602.0,ETH,0x14ef7a1878b97183f762eab1b6119d029834012b,,,2020-04-01 04:43:17.548161121,1,Transaction Limitation,dianxiang_sun,True
DX_196.0,ETH,0x7fa2f486a6f318d20bc3978e5f5271f460cb57dd,,,2020-04-01 14:56:57.162872154,1,Fee,dianxiang_sun,True
DX_316.0,ETH,0x1354c8c1a66c2573ce9cc3e92e98d17869501a46,,,2020-04-01 14:56:57.162872154,1,Transaction Limitation,dianxiang_sun,True
DX_1188.0,ETH,0xc6b7f07133e9a72dfe2c76c53df120f331825e9e,,,2020-04-03 07:51:35.621716287,1,Transaction Limitation,dianxiang_sun,True
DX_2040.0,ETH,0x4f13b5764fe2c25499e1dd22ad88ac7e67c17dd6,,,2020-04-04 14:32:34.465849387,1,Transaction Limitation,dianxiang_sun,True
DX_1229.0,ETH,0xfcfa06f2f6423c73205d0b0a413c69a2766e28ef,,,2020-04-04 14:32:34.465849387,1,Transaction Limitation,dianxiang_sun,True
DX_1777.0,ETH,0x5906fa068db26d433914e343d4889e3c79cbaaf3,,,2020-04-05 00:46:14.080560420,1,Transaction Limitation,dianxiang_sun,True
DX_549.0,ETH,0x066e5df247a2a08f8ca56de941a5a0698c44915a,,,2020-04-07 03:54:32.154115586,1,Transaction Limitation,dianxiang_sun,True
DX_368.0,ETH,0xc79d4c81f87c152ba604017a7b4747232ae30280,,,2020-04-08 20:49:10.612959719,1,Transaction Limitation,dianxiang_sun,True
DX_90.0,ETH,0xe509f52f2692ca38a30bac906e5060297472d134,,,2020-04-09 07:02:50.227670753,1,Fee,dianxiang_sun,True
DX_190.0,ETH,0xf2680ac4b924642163bd700a8ce88e8fe29eba94,,,2020-04-09 07:02:50.227670753,1,Fee,dianxiang_sun,True
DX_1728.0,ETH,0xf88347b7347f24f70218e9636d901fcace23178d,,,2020-04-11 10:11:08.301225919,1,Transaction Limitation,dianxiang_sun,True
DX_nan,,,,,2020-04-12 16:52:07.145359019,1,,dianxiang_sun,
DX_1861.0,ETH,0xb130a7e1a5de36a37ec68e135d04ba940681d2fa,,,2020-04-12 16:52:07.145359019,1,Transaction Limitation,dianxiang_sun,True
DX_1577.0,ETH,0xd0a928feb1af99928243279e1b600814baeb5f8e,,,2020-04-12 16:52:07.145359019,1,Transaction Limitation,dianxiang_sun,True
DX_1783.0,ETH,0xc2ede82d7430b48e853cbd07f597c24a5317593d,,,2020-04-13 03:05:46.760070052,1,Transaction Limitation,dianxiang_sun,True
DX_1323.0,ETH,0x1cdef8c8d1ac80f3eef0b33c49894bbe00c25ea1,,,2020-04-14 09:46:45.604203152,1,Transaction Limitation,dianxiang_sun,True
DX_1230.0,ETH,0x2ef62a54197e14fbced11e3a5cdfea1cc2dd0da2,,,2020-04-16 02:41:24.063047286,1,Transaction Limitation,dianxiang_sun,True
DX_513.0,ETH,0xd774e680bf391cfc75ba6d247e85c22e788b3d0d,,,2020-04-16 12:55:03.677758318,1,Transaction Limitation,dianxiang_sun,True
DX_2188.0,ETH,0xcacf9396a56e9ff1e3f6533be83a043c36ce0436,,,2020-04-16 12:55:03.677758318,1,Transaction Limitation,dianxiang_sun,True
DX_887.0,ETH,0xd3eaf13cd2bca1e0d1dc2d052312434e6b30139c,,,2020-04-16 23:08:43.292469352,1,Transaction Limitation,dianxiang_sun,True
DX_1718.0,ETH,0x7e1baa6e244f52dd86dbc2686d455ec47553d6e9,,,2020-04-16 23:08:43.292469352,1,Transaction Limitation,dianxiang_sun,True
DSLA (DSLA),ETH,,,,2020-04-17 00:00:00.000000000,0,,tm_rugpull,
DX_303.0,ETH,0x14ddda446688b73161aa1382f4e4343353af6fc8,,,2020-04-17 19:36:02.521891418,1,Transaction Limitation,dianxiang_sun,True
DX_1877.0,ETH,0xa5a5c62aaf0ea67e3bcc3499da4a95231dbb0e0c,,,2020-04-17 19:36:02.521891418,1,Transaction Limitation,dianxiang_sun,True
ba5ic.finance (BASIC),ETH,,,,2020-04-21 00:00:00.000000000,1,,tm_rugpull,
DX_683.0,ETH,0x51d43b6ae869940c61c415660a73cfe85a6a03fa,,,2020-04-21 15:38:59.054290718,1,Transaction Limitation,dianxiang_sun,True
ECOSCU (ECOSCU),ETH,,,,2020-04-22 00:00:00.000000000,1,,tm_rugpull,
DX_1789.0,ETH,0x50bd8901739f70043e7d89dc9d803bd322b3f102,,,2020-04-22 01:52:38.669001750,1,Transaction Limitation,dianxiang_sun,True
DX_268.0,ETH,0x123ab195dd38b1b40510d467a6a359b201af056f,,,2020-04-22 12:06:18.283712784,1,Token Generation,dianxiang_sun,True
DX_1758.0,ETH,0x6c58d735f665c695bf97090e062573b91c4a8b8b,,,2020-04-24 05:00:56.742556918,1,Transaction Limitation,dianxiang_sun,True
DX_1024.0,ETH,0x232df8924d82434a4ade19c6c53bc5064d92ff19,,,2020-04-25 11:41:55.586690018,1,Transaction Limitation,dianxiang_sun,True
DX_891.0,ETH,0xbe1de9c82bba374389d5ea048089f472d7035a7f,,,2020-04-26 08:09:14.816112084,1,Transaction Limitation,dianxiang_sun,True
DX_390.0,ETH,0x389f518379dc7bcae691d6750725f724b7a486a6,,,2020-04-26 18:22:54.430823116,1,Transaction Limitation,dianxiang_sun,True
DX_1824.0,ETH,0x1dc2067049d57fc92c4de1b7d5a607e3a179b300,,,2020-04-26 18:22:54.430823116,1,Transaction Limitation,dianxiang_sun,True
Cartesi Token (CTSI),ETH,,,,2020-04-27 00:00:00.000000000,0,,tm_rugpull,
DX_1724.0,ETH,0xb48b6a52734d5daf5154379eee1f0aaad8595ef6,,,2020-04-27 04:36:34.045534150,1,Transaction Limitation,dianxiang_sun,True
DX_1553.0,ETH,0xf1ff017f19b471bd8e269b4216c5a1cc2b94119a,,,2020-04-28 21:31:12.504378284,1,Transaction Limitation,dianxiang_sun,True
DX_964.0,ETH,0xdcc16284fe9c88bdf5c9dcdf051dd7e4174f97bc,,,2020-04-28 21:31:12.504378284,1,Transaction Limitation,dianxiang_sun,True
DX_226.0,BSC,0xc7e9D15A2dC34d3a9F532b325396B8bf02F44fB8,,,2020-04-29 07:44:52.119089316,1,Token Distribution,dianxiang_sun,True
DX_2311.0,ETH,0x8cc5d9de2c8df87f2d40d84aa78049ea6e61f973,,,2020-04-29 07:44:52.119089316,1,Transaction Limitation,dianxiang_sun,True
DX_1730.0,ETH,0x683a0d13fb432a7bf934f3ec9684319dfde0fe17,,,2020-04-29 17:58:31.733800350,1,Transaction Limitation,dianxiang_sun,True
DX_54.0,ETH,0x973aecf305351e5e7fd178b738f734f6644b1008,,,2020-04-30 14:25:50.963222416,1,Fee,dianxiang_sun,True
DX_1541.0,ETH,0xf58c4fc29d607949698f9b6c468632e3994dd0bf,,,2020-05-01 00:39:30.577933450,1,Transaction Limitation,dianxiang_sun,True
DX_2079.0,ETH,0x13b87fb8e6152032fd525f64f158c129a230b6ee,,,2020-05-01 00:39:30.577933450,1,Transaction Limitation,dianxiang_sun,True
DX_1603.0,ETH,0x21df3b628c2594c18c6f488d22b574f5a33e3fb4,,,2020-05-03 14:01:28.266199650,1,Transaction Limitation,dianxiang_sun,True
DX_1472.0,ETH,0xe2e8c8d7b1d4e6b95db84f8fdff7afd09a32c93e,,,2020-05-04 00:15:07.880910682,1,Transaction Limitation,dianxiang_sun,True
DX_2026.0,ETH,0x4488f24ca1d5d35878d143678560f791981211b9,,,2020-05-04 00:15:07.880910682,1,Transaction Limitation,dianxiang_sun,True
DX_886.0,ETH,0x662c973af403ee4573acdbb8219f7d42cb5796f0,,,2020-05-04 20:42:27.110332750,1,Transaction Limitation,dianxiang_sun,True
DX_1364.0,ETH,0x6fefe0934361bfc60e9ce6dd237a32a3ae246c25,,,2020-05-04 20:42:27.110332750,1,Transaction Limitation,dianxiang_sun,True
DX_1069.0,ETH,0x486fdfadfd6498d5c794c517b08d9b4886220bb3,,,2020-05-05 06:56:06.725043782,1,Transaction Limitation,dianxiang_sun,True
DX_1964.0,ETH,0xbf883e68ef04683f68573cdb2aec5f4bee5aea2d,,,2020-05-05 06:56:06.725043782,1,Transaction Limitation,dianxiang_sun,True
DX_251.0,BSC,0x04a162a8c6d7Eb922a3f7b46E59743Ea3311576d,,,2020-05-06 13:37:05.569176882,1,Token Generation,dianxiang_sun,True
DX_1831.0,ETH,0x9d2ef3375158493a553b14f130fe5ee5e98097b7,,,2020-05-07 10:04:24.798598948,1,Transaction Limitation,dianxiang_sun,True
DX_1561.0,ETH,0x73bffeb53906a1f657cdc2ffa8433f712a055f1b,,,2020-05-07 10:04:24.798598948,1,Transaction Limitation,dianxiang_sun,True
DX_1103.0,ETH,0xe3f158b9f6c35cf51d1a763037882a8e6ae661cb,,,2020-05-08 16:45:23.642732048,1,Transaction Limitation,dianxiang_sun,True
DX_2025.0,ETH,0x23164fc6f01702d0e6d632b99b8d1fffb8c93406,,,2020-05-08 16:45:23.642732048,1,Transaction Limitation,dianxiang_sun,True
DX_1557.0,ETH,0x45dac6c8776e5eb1548d3cdcf0c5f6959e410c3a,,,2020-05-08 16:45:23.642732048,1,Transaction Limitation,dianxiang_sun,True
DX_992.0,ETH,0x17b1a60e4ef6a6d2ea02b1ce0cd67d069dc0abe9,,,2020-05-09 13:12:42.872154116,1,Transaction Limitation,dianxiang_sun,True
DX_1636.0,ETH,0xe71622ec85a5eb4aa9cd44f2da1abef54a2432a5,,,2020-05-10 19:53:41.716287214,1,Transaction Limitation,dianxiang_sun,True
DX_1140.0,ETH,0x8001455d1add0b1c41a6478b306dd1e9bced2302,,,2020-05-11 16:21:00.945709282,1,Transaction Limitation,dianxiang_sun,True
DX_831.0,ETH,0x52b6552d96b58e46b432b409f236bec3a4b74e64,,,2020-05-12 02:34:40.560420314,1,Transaction Limitation,dianxiang_sun,True
DX_2202.0,ETH,0xe82f0742a71a02b9e9ffc142fdcb6eb1ed06fb87,,,2020-05-15 12:23:57.478108580,1,Transaction Limitation,dianxiang_sun,True
DX_484.0,ETH,0x74a17d86e7b60ba3944967dce8d0a4551719d18f,,,2020-05-16 08:51:16.707530648,1,Transaction Limitation,dianxiang_sun,True
DX_131.0,ETH,0xbdfda1a0706e241860af5f275d32db17182e3f17,,,2020-05-18 01:45:55.166374780,1,Fee,dianxiang_sun,True
DX_774.0,ETH,0x1e89ed298f830c4824b1836e69878b621d5881b0,,,2020-05-18 01:45:55.166374780,1,Transaction Limitation,dianxiang_sun,True
DX_405.0,ETH,0xfc4245a4802574a1df0bcef9c91fc34021a9c9a0,,,2020-05-18 11:59:34.781085814,1,Transaction Limitation,dianxiang_sun,True
DX_970.0,ETH,0xdbcbb35bfe4afa3451f8fdd56c04a27f95c929d3,,,2020-05-18 22:13:14.395796848,1,Transaction Limitation,dianxiang_sun,True
DX_222.0,BSC,0xfdb0fe3dd8f7e9a671f63b7e7db0935a955659ab,,,2020-05-20 04:54:13.239929946,1,Token Distribution,dianxiang_sun,True
DX_600.0,ETH,0xcb5d0da37343fb6039e67f57d31864e080f080ba,,,2020-05-20 15:07:52.854640980,1,Transaction Limitation,dianxiang_sun,True
MATH Token (MATH),ETH,,,,2020-05-21 00:00:00.000000000,0,,tm_rugpull,
DX_828.0,ETH,0xfaad8f5289d49e1861551da86757a2680fe8e382,,,2020-05-21 01:21:32.469352014,1,Transaction Limitation,dianxiang_sun,True
DX_690.0,ETH,0x820fc3a3a5693f7bf275bdbab26d0b6d583acd0b,,,2020-05-21 11:35:12.084063046,1,Transaction Limitation,dianxiang_sun,True
DX_1083.0,ETH,0x00371fb3b17a13b9591fd135026367e9d2a6c33e,,,2020-05-21 21:48:51.698774080,1,Transaction Limitation,dianxiang_sun,True
DX_922.0,ETH,0x1935a3bdda592733c77455829eae758326ef2d6b,,,2020-05-21 21:48:51.698774080,1,Transaction Limitation,dianxiang_sun,True
DX_375.0,ETH,0x57b5cc6c8f6ed481be23fa411671128ebbdb3c33,,,2020-05-21 21:48:51.698774080,1,Transaction Limitation,dianxiang_sun,True
DX_2008.0,ETH,0x6bfabf7783affad24e4a2897d5f3cbbcd26941fe,,,2020-05-22 08:02:31.313485114,1,Transaction Limitation,dianxiang_sun,True
DX_1081.0,ETH,0x681a0855ca1755df7d27bb931fb03a8f942d7425,,,2020-05-22 18:16:10.928196146,1,Transaction Limitation,dianxiang_sun,True
DX_2178.0,ETH,0x78faf034c61f4158a4a12bfa372187a21405ae33,,,2020-05-23 14:43:30.157618214,1,Transaction Limitation,dianxiang_sun,True
DX_1596.0,ETH,0x28edc81ceeb58bce7586833d9cef5b59afddf0b1,,,2020-05-24 00:57:09.772329246,1,Transaction Limitation,dianxiang_sun,True
KEEP Token (KEEP),ETH,,,,2020-05-25 00:00:00.000000000,0,,tm_rugpull,
DX_599.0,ETH,0xa3ff707e095f754907b62ef681cc952366620b98,,,2020-05-25 07:38:08.616462346,1,Transaction Limitation,dianxiang_sun,True
DX_1703.0,ETH,0x842f85bf6f5ababee18870741b4334985d610192,,,2020-05-25 17:51:48.231173380,1,Transaction Limitation,dianxiang_sun,True
DX_245.0,BSC,0x9AF81028b3AF6BFAab171479B91cAF010eAAA94F,,,2020-05-26 04:05:27.845884412,1,Token Generation,dianxiang_sun,True
DX_244.0,BSC,0x7CDAEa9e82A59EcF95bB92D4C533c76F3c762999,,,2020-05-27 00:32:47.075306480,1,Token Generation,dianxiang_sun,True
DX_2214.0,ETH,0x377f64e05c29309c8527022dbe5fbbfa8e40f6dd,,,2020-05-27 10:46:26.690017512,1,Transaction Limitation,dianxiang_sun,True
DX_1010.0,ETH,0xb93c7f7ae99799b95aabd702251d37d0ae42d5ec,,,2020-05-27 21:00:06.304728546,1,Transaction Limitation,dianxiang_sun,True
DX_2131.0,ETH,0x4320e6f8c05b27ab4707cd1f6d5ce6f3e4b3a5a1,,,2020-05-28 07:13:45.919439580,1,Transaction Limitation,dianxiang_sun,True
DX_1580.0,ETH,0x7fe4b973265c296b18f04146c6ecf973b6f7ac7d,,,2020-05-29 13:54:44.763572678,1,Transaction Limitation,dianxiang_sun,True
DX_1066.0,ETH,0x80317a0a72b5ba7fa9ea5c40b181714744b8793c,,,2020-05-30 10:22:03.992994746,1,Transaction Limitation,dianxiang_sun,True
DX_184.0,ETH,0xd0a13c9cc7340ba11d1bfdf616d3b975f1f7f025,,,2020-05-30 20:35:43.607705778,1,Fee,dianxiang_sun,True
DX_1671.0,ETH,0x93030c19ad59e4f77d47f5d5fe2e68cddd14aeff,,,2020-06-02 20:11:20.910683012,1,Transaction Limitation,dianxiang_sun,True
DX_1348.0,ETH,0x9352d363c9f81dcf9f4e06ddf6c4f73402fb35ea,,,2020-06-04 02:52:19.754816112,1,Transaction Limitation,dianxiang_sun,True
DX_748.0,ETH,0x7045ee46ab12a2069a99747903fc6459e3bc0022,,,2020-06-05 09:33:18.598949212,1,Transaction Limitation,dianxiang_sun,True
DX_51.0,ETH,0x455c31c92810770bcdaeec9287e45b7979aa1e60,,,2020-06-05 19:46:58.213660244,1,Fee,dianxiang_sun,True
DX_679.0,ETH,0x4c464b60106b1eec3d2838fb40ada259d0bb35aa,,,2020-06-05 19:46:58.213660244,1,Transaction Limitation,dianxiang_sun,True
DX_1633.0,ETH,0x0e7a3edeace94903fc7d55f830265299691e2fcb,,,2020-06-07 02:27:57.057793344,1,Transaction Limitation,dianxiang_sun,True
DX_1825.0,ETH,0x8708f15c89bf3785002a853fc4e2ebf60473a06d,,,2020-06-07 12:41:36.672504378,1,Transaction Limitation,dianxiang_sun,True
DX_1099.0,ETH,0x705bfcaf57ac0aa6167417d58dd3f9dca90d294b,,,2020-06-07 12:41:36.672504378,1,Transaction Limitation,dianxiang_sun,True
DX_1349.0,ETH,0x975a14532d37b2f0a1be67f1425da646e06587e2,,,2020-06-09 15:49:54.746059544,1,Transaction Limitation,dianxiang_sun,True
DX_2012.0,ETH,0x1c340cfd0ed2b4e8672aa773676888dde24e6cd7,,,2020-06-09 15:49:54.746059544,1,Transaction Limitation,dianxiang_sun,True
DX_1161.0,ETH,0x63793123299cb3f1725aa1e8a2feb7b26c79934b,,,2020-06-10 02:03:34.360770578,1,Transaction Limitation,dianxiang_sun,True
DX_957.0,ETH,0x2e2329403e6e85bd2dd1a00f9cb165056eab8507,,,2020-06-10 12:17:13.975481610,1,Transaction Limitation,dianxiang_sun,True
DX_2130.0,ETH,0x01f8c4e3fa3edeb29e514cba738d87ce8c091d3f,,,2020-06-10 22:30:53.590192644,1,Transaction Limitation,dianxiang_sun,True
DX_1782.0,ETH,0xac2508a7dd36a8475641d1b4e116e5154b0f3ad8,,,2020-06-10 22:30:53.590192644,1,Transaction Limitation,dianxiang_sun,True
CACHE Gold (CGT),ETH,,,,2020-06-11 00:00:00.000000000,0,,tm_rugpull,
DX_707.0,ETH,0x0f0bbb887fc515254fad23dcee146c3e452c9333,,,2020-06-11 08:44:33.204903678,1,Transaction Limitation,dianxiang_sun,True
DX_557.0,ETH,0x47787f821b1b83e5aa1f58b1221dd46b60e6283d,,,2020-06-11 18:58:12.819614710,1,Transaction Limitation,dianxiang_sun,True
DX_647.0,ETH,0x4ddd9cf6bc4b77bb30b9a5f5483ed695b04a34bf,,,2020-06-12 05:11:52.434325744,1,Transaction Limitation,dianxiang_sun,True
DX_1143.0,ETH,0xd5de7626bab5bec2798444c27f7a3acc8937983a,,,2020-06-12 05:11:52.434325744,1,Transaction Limitation,dianxiang_sun,True
DX_2116.0,ETH,0xbaf51e761510c1a11bf48dd87c0307ac8a8c8a4f,,,2020-06-12 15:25:32.049036776,1,Transaction Limitation,dianxiang_sun,True
DX_1237.0,ETH,0x79dd7006f1811cf8ebabcf9d108c079581a05155,,,2020-06-13 01:39:11.663747810,1,Transaction Limitation,dianxiang_sun,True
DX_2288.0,ETH,0x159d2829613b0fe363e462b218c695c6eae0a5e1,,,2020-06-15 15:01:09.352014010,1,Transaction Limitation,dianxiang_sun,True
DX_2325.0,ETH,0xa0f9e5283fbf6d735e1e3a0f724ea6cccc13c27a,,,2020-06-16 01:14:48.966725044,1,Transaction Limitation,dianxiang_sun,True
DX_1108.0,ETH,0x45178d7217d5308121702646e27443c808ed3bbf,,,2020-06-17 07:55:47.810858144,1,Transaction Limitation,dianxiang_sun,True
DX_1696.0,ETH,0x2b094db2efd1055225a675e74330f668fd888976,,,2020-06-17 18:09:27.425569176,1,Transaction Limitation,dianxiang_sun,True
DX_741.0,ETH,0xd2a33f334beab6e4c2854becb4585dc7b2da57e8,,,2020-06-17 18:09:27.425569176,1,Transaction Limitation,dianxiang_sun,True
DX_905.0,ETH,0x9f86f40999522ca55df01b2f3bce93615846c47a,,,2020-06-18 04:23:07.040280210,1,Transaction Limitation,dianxiang_sun,True
Compound (COMP),ETH,,,,2020-06-19 00:00:00.000000000,0,,tm_rugpull,
DX_1811.0,ETH,0xf375a11bff3ed7ad12e76d55601719e6473d83db,,,2020-06-19 00:50:26.269702276,1,Transaction Limitation,dianxiang_sun,True
DX_965.0,ETH,0x95e8165ab8c94443491f8cd25a6189de176c7ec4,,,2020-06-19 00:50:26.269702276,1,Transaction Limitation,dianxiang_sun,True
DX_1929.0,ETH,0x655743e181b96f1f4b36e67e03e49aa0db43216f,,,2020-06-19 11:04:05.884413310,1,Transaction Limitation,dianxiang_sun,True
DX_328.0,ETH,0xb16d3ed603d62b125c6bd45519eda40829549489,,,2020-06-19 21:17:45.499124342,1,Transaction Limitation,dianxiang_sun,True
DX_370.0,ETH,0xcf9fbffec9e0e5bbc62e79bf1965f5db76955661,,,2020-06-22 10:39:43.187390542,1,Transaction Limitation,dianxiang_sun,True
DX_1397.0,ETH,0xec62dbd2b4799beef76789981b8857d986d90e1b,,,2020-06-22 20:53:22.802101576,1,Transaction Limitation,dianxiang_sun,True
DX_1144.0,ETH,0xc3a1a9bdc09ce964ca695691beb4b3128923eb5c,,,2020-06-23 07:07:02.416812608,1,Transaction Limitation,dianxiang_sun,True
DX_725.0,ETH,0x01b9ca34c2b59d74c87820b85b9fb6e6f5f7339f,,,2020-06-23 07:07:02.416812608,1,Transaction Limitation,dianxiang_sun,True
DX_566.0,ETH,0x101ec3aeca350356123bda3bf2862a0ff55c9b47,,,2020-06-23 17:20:42.031523642,1,Transaction Limitation,dianxiang_sun,True
DX_1536.0,ETH,0x0e00085666cad372139514c97c872d36cc71f0a5,,,2020-06-23 17:20:42.031523642,1,Transaction Limitation,dianxiang_sun,True
Render Token (RNDR),ETH,,,,2020-06-24 00:00:00.000000000,0,,tm_rugpull,
DX_1712.0,ETH,0xc718538b78690bda7e3626b92c1d9ec55f440e1a,,,2020-06-24 03:34:21.646234676,1,Transaction Limitation,dianxiang_sun,True
DX_1298.0,ETH,0x2207af4d2e95edb40bd02384aeab645db561722a,,,2020-06-25 10:15:20.490367776,1,Transaction Limitation,dianxiang_sun,True
DX_1123.0,ETH,0x0bea926edbb10e921d50a18db509b58f97b49c45,,,2020-06-25 10:15:20.490367776,1,Transaction Limitation,dianxiang_sun,True
DX_2225.0,ETH,0x96fa4b2bebbbc9ffdb7d64ed18058de27680752c,,,2020-06-25 10:15:20.490367776,1,Transaction Limitation,dianxiang_sun,True
DX_2019.0,ETH,0xc8d9ec2a57db57eb104f339037b23e6cad381364,,,2020-06-25 10:15:20.490367776,1,Transaction Limitation,dianxiang_sun,True
DX_2260.0,ETH,0x4a73d9fe078fa67601047f88c3e6c270602e5709,,,2020-06-26 06:42:39.719789842,1,Transaction Limitation,dianxiang_sun,True
DX_523.0,ETH,0x97c041ac152d7ccb4d21cb2ee87e504ddd148c34,,,2020-06-26 06:42:39.719789842,1,Transaction Limitation,dianxiang_sun,True
DX_143.0,ETH,0x2f06281649b6f516464b7936b5502826a034a7ab,,,2020-06-27 03:09:58.949211908,1,Fee,dianxiang_sun,True
DX_332.0,ETH,0xd29decbfd29766d8aba8215587f915162c5bd8d8,,,2020-06-27 03:09:58.949211908,1,Transaction Limitation,dianxiang_sun,True
DX_2269.0,ETH,0xa9aebbf67433e3e8206af6fc2ddd99ff8e7cc137,,,2020-06-27 03:09:58.949211908,1,Transaction Limitation,dianxiang_sun,True
DX_981.0,ETH,0xabff10e2b920d80be6c8466d6f04de8925edbff8,,,2020-06-27 23:37:18.178633974,1,Transaction Limitation,dianxiang_sun,True
DX_1033.0,ETH,0xba007ce10ec81bfdea5f095e83a05dacd5599bc1,,,2020-06-28 20:04:37.408056042,1,Transaction Limitation,dianxiang_sun,True
DX_1216.0,ETH,0x59a4ff37728ff98efec6aa380daf2b3ad0eff657,,,2020-06-28 20:04:37.408056042,1,Transaction Limitation,dianxiang_sun,True
DX_1559.0,ETH,0xaec367c252764e61c39de84208b305f283360778,,,2020-06-28 20:04:37.408056042,1,Transaction Limitation,dianxiang_sun,True
DX_476.0,ETH,0xae04c6183026772bc017ca6d71f36c468d4fbce0,,,2020-06-28 20:04:37.408056042,1,Transaction Limitation,dianxiang_sun,True
CRP_47,Ethereum,0x16DFb898cf7029303c2376031392cb9baC450f94,,,2020-06-29 16:31:56.637478108,0,,crpwarner,True
DX_310.0,ETH,0x240bae5a27233fd3ac5440b5a598467725f7d1cd,,,2020-07-02 16:07:33.940455340,1,Transaction Limitation,dianxiang_sun,True
DX_128.0,ETH,0x9446630dd2a964f5b4c7bb75ceb1cd7f8287fd2e,,,2020-07-04 19:15:52.014010508,1,Fee,dianxiang_sun,True
DX_943.0,ETH,0xa2831d7e74fbe73d3d41775d8037d764e32e56f3,,,2020-07-04 19:15:52.014010508,1,Transaction Limitation,dianxiang_sun,True
DX_496.0,ETH,0x15e10b9eb731d4116e1ba1521c1487e99b891bec,,,2020-07-05 05:29:31.628721540,1,Transaction Limitation,dianxiang_sun,True
DX_1894.0,ETH,0x634461ceddbfd5dbbb7e12b566eb75756d2b8643,,,2020-07-06 01:56:50.858143608,1,Transaction Limitation,dianxiang_sun,True
DX_1043.0,ETH,0x8372ede9ab840366fe4b6367198b071374b4cc69,,,2020-07-06 22:24:10.087565674,1,Transaction Limitation,dianxiang_sun,True
DX_91.0,ETH,0xcb445f0716d571e5010f9ca5509090abbca890eb,,,2020-07-06 22:24:10.087565674,1,Fee,dianxiang_sun,True
DX_842.0,ETH,0x1b105b5dd86d6ce25533c17484746438e6c9a327,,,2020-07-07 08:37:49.702276706,1,Transaction Limitation,dianxiang_sun,True
DX_1796.0,ETH,0x82218a2a778f2a7d479c257af24c257e1f34578b,,,2020-07-07 18:51:29.316987740,1,Transaction Limitation,dianxiang_sun,True
Ferrum Network Token (FRM),ETH,,,,2020-07-08 00:00:00.000000000,0,,tm_rugpull,
DX_444.0,ETH,0x5c5f6d0c3b0c70b71a6b219d4c7d91ae2d4fb0b1,,,2020-07-09 11:46:07.775831874,1,Transaction Limitation,dianxiang_sun,True
DX_1434.0,ETH,0x876745cdbc0f3a1857b413c2837a2e75b927b976,,,2020-07-09 21:59:47.390542906,1,Transaction Limitation,dianxiang_sun,True
DX_661.0,ETH,0x336a9d946bb170d997b4443ff25b2911df56da59,,,2020-07-10 18:27:06.619964974,1,Transaction Limitation,dianxiang_sun,True
DX_1513.0,ETH,0xe8b374df91568e15acb7c63936563b89c652f797,,,2020-07-10 18:27:06.619964974,1,Transaction Limitation,dianxiang_sun,True
DX_2002.0,ETH,0x00767fa00d142f9c410de48dcb537c59e7cc2c28,,,2020-07-11 14:54:25.849387040,1,Transaction Limitation,dianxiang_sun,True
DX_2064.0,ETH,0x47532cbabdc5a7bacd93842dd76aabdd0655c4ae,,,2020-07-12 01:08:05.464098072,1,Transaction Limitation,dianxiang_sun,True
DX_815.0,ETH,0xab5aa69e8e0446fca3b48122c15a464ec7c38241,,,2020-07-13 07:49:04.308231172,1,Transaction Limitation,dianxiang_sun,True
DX_1538.0,ETH,0xd0577a5eb13fc0804129c6af1598792f79c417fc,,,2020-07-13 18:02:43.922942206,1,Transaction Limitation,dianxiang_sun,True
DX_933.0,ETH,0x4dc208fb8733999896f43646b6c6cfea17ff2a44,,,2020-07-14 04:16:23.537653240,1,Transaction Limitation,dianxiang_sun,True
DX_720.0,ETH,0x76b2e958a21a8f1cc4ac1bcd3d4c0c0779587e77,,,2020-07-14 14:30:03.152364272,1,Transaction Limitation,dianxiang_sun,True
DX_2303.0,ETH,0xbb51397fb8d3b91a08eff3c34d5c869c1d149ec5,,,2020-07-14 14:30:03.152364272,1,Transaction Limitation,dianxiang_sun,True
DX_1511.0,ETH,0xf86afca50eea9992ffd9db92bbf39a170dff046d,,,2020-07-15 00:43:42.767075306,1,Transaction Limitation,dianxiang_sun,True
DX_519.0,ETH,0xe06c3fb4cb7dc780a9767a17a4809cc9c7b21902,,,2020-07-15 21:11:01.996497372,1,Transaction Limitation,dianxiang_sun,True
CRP_55,Ethereum,0xa7CD93eD3133d82781CC17460fe1500b69a1B514,,,2020-07-15 21:11:01.996497372,0,,crpwarner,True
DX_2034.0,ETH,0xdd82123f34036ca3393e4bac0e7f54727b8afcc8,,,2020-07-16 07:24:41.611208406,1,Transaction Limitation,dianxiang_sun,True
DX_200.0,ETH,0x27f69cceada2ec66b164af620e4f845394fe8972,,,2020-07-16 07:24:41.611208406,1,Fee,dianxiang_sun,True
DX_2100.0,ETH,0xadccea0b14d26d786b99cf3ba3e9812cd4d23a81,,,2020-07-16 07:24:41.611208406,1,Transaction Limitation,dianxiang_sun,True
DX_615.0,ETH,0xe10781729130753f60784badae2373ad647f2608,,,2020-07-16 17:38:21.225919438,1,Transaction Limitation,dianxiang_sun,True
DX_1427.0,ETH,0x766ae76c7011561b7dd8d62d2740292c7c4533bb,,,2020-07-16 17:38:21.225919438,1,Transaction Limitation,dianxiang_sun,True
DX_799.0,ETH,0x5d7cc83d6bb478ca591784ac14ef9afbf4843ec7,,,2020-07-17 03:52:00.840630472,1,Transaction Limitation,dianxiang_sun,True
DX_1935.0,ETH,0x52adc6c7b15450e04e3b4798b0d57a06506de42d,,,2020-07-17 14:05:40.455341506,1,Transaction Limitation,dianxiang_sun,True
DX_1681.0,ETH,0x75117afb279079aa5725334e1fdfae5ecb0c814b,,,2020-07-18 00:19:20.070052538,1,Transaction Limitation,dianxiang_sun,True
DX_1254.0,ETH,0xdd7fa30e03f7fb038fec51287fd3e0364aa3f35c,,,2020-07-18 10:32:59.684763572,1,Transaction Limitation,dianxiang_sun,True
DX_529.0,ETH,0x27e26641e200a33839ccd02bd78da40432cde6cc,,,2020-07-19 07:00:18.914185638,1,Transaction Limitation,dianxiang_sun,True
DX_1183.0,ETH,0xcf52ff5c03e6fb8eb9d975d6a5b6ac2687329d87,,,2020-07-19 07:00:18.914185638,1,Transaction Limitation,dianxiang_sun,True
DX_255.0,ETH,0x082D7215fdfa70D969D7Fb5E783F8fE86A463330,,,2020-07-19 17:13:58.528896672,1,Token Generation,dianxiang_sun,True
DX_910.0,ETH,0x80ed67614dd8f5a9852b23077d1dbe13017cd766,,,2020-07-20 03:27:38.143607706,1,Transaction Limitation,dianxiang_sun,True
DX_1212.0,ETH,0x3705d96f802f73b184b7fb04418c6cf977941e43,,,2020-07-22 06:35:56.217162872,1,Transaction Limitation,dianxiang_sun,True
DX_1490.0,ETH,0x9d6bc46fffe834c26a156b320ecfd09eccc040e5,,,2020-07-22 16:49:35.831873904,1,Transaction Limitation,dianxiang_sun,True
DX_1088.0,ETH,0x53f86430948d27702d73acc112b2c73ac5c01dde,,,2020-07-23 23:30:34.676007004,1,Transaction Limitation,dianxiang_sun,True
DX_1425.0,ETH,0xadcde44351d81783898ec717ac69511e0311ad81,,,2020-07-23 23:30:34.676007004,1,Transaction Limitation,dianxiang_sun,True
DX_989.0,ETH,0x9b38172f0ff97aee6c1d0f1a1871fd2295fbd82a,,,2020-07-25 16:25:13.134851138,1,Transaction Limitation,dianxiang_sun,True
DX_299.0,ETH,0x8ec7740a73b1bf8d72d471dfe63a34f81f50a118,,,2020-07-26 12:52:32.364273204,1,Transaction Limitation,dianxiang_sun,True
DX_1756.0,ETH,0x2fd9911b0e6c21decd55f3efad27b16e16ce7efb,,,2020-07-27 09:19:51.593695270,1,Transaction Limitation,dianxiang_sun,True
DX_264.0,ETH,0x4c1cdef065c27dd08037d693c512bb7ed4c38f17,,,2020-07-27 19:33:31.208406304,1,Token Generation,dianxiang_sun,True
DX_1351.0,ETH,0x2b7184f2cba49bf7093297951598aea0f546f0be,,,2020-07-28 05:47:10.823117336,1,Transaction Limitation,dianxiang_sun,True
DX_1855.0,ETH,0x4f505ee47f4b4cc9fc781635e6f3200a8a6001f0,,,2020-07-28 16:00:50.437828372,1,Transaction Limitation,dianxiang_sun,True
DX_2156.0,ETH,0x1767856bc75cf070de5e6ba3d0c718440f008c66,,,2020-07-30 19:09:08.511383536,1,Transaction Limitation,dianxiang_sun,True
DX_63.0,ETH,0xceaf9dfe40f9c0ba586f2990c4b33c4c98a53d8b,,,2020-07-30 19:09:08.511383536,1,Fee,dianxiang_sun,True
DX_1800.0,ETH,0x8e7587c9678f56dee1270cfa31761789bb762566,,,2020-07-31 15:36:27.740805604,1,Transaction Limitation,dianxiang_sun,True
DX_2215.0,ETH,0x2e0794073ec7b08e40d80a41599bb31df042e4e5,,,2020-08-01 01:50:07.355516636,1,Transaction Limitation,dianxiang_sun,True
DX_1738.0,ETH,0xbc7351d62c463d8b2417f9a35c4134dbb701b258,,,2020-08-01 12:03:46.970227668,1,Transaction Limitation,dianxiang_sun,True
CRP_64,Ethereum,0xB954562066c71b3E6e7b2ac330B03C74c0Dcd5AE,,,2020-08-01 12:03:46.970227668,1,,crpwarner,True
DX_747.0,ETH,0x6f334c27f9d5d573222de228d1d793e02fb2b902,,,2020-08-01 12:03:46.970227668,1,Transaction Limitation,dianxiang_sun,True
DX_623.0,ETH,0xb4d3eff2bab925353d9778309ee1b96000241797,,,2020-08-01 22:17:26.584938704,1,Transaction Limitation,dianxiang_sun,True
DX_1722.0,ETH,0x880ebf71e53d33112adc93cbb2c2dc5a5cecceeb,,,2020-08-02 08:31:06.199649736,1,Transaction Limitation,dianxiang_sun,True
DX_273.0,ETH,0xb052f8a33d8bb068414eade06af6955199f9f010,,,2020-08-03 04:58:25.429071804,1,Token Generation,dianxiang_sun,True
DX_2041.0,ETH,0xb140776a0af24a071f2e3b78415970944f589a6d,,,2020-08-03 15:12:05.043782836,1,Transaction Limitation,dianxiang_sun,True
DX_595.0,ETH,0x9838f5adc2bcd5a25a4eefa96c7d1a86cc3e4f83,,,2020-08-04 11:39:24.273204904,1,Transaction Limitation,dianxiang_sun,True
DX_1125.0,ETH,0xc9aeecab9af105216f55cb2c245208ee365c5163,,,2020-08-04 11:39:24.273204904,1,Transaction Limitation,dianxiang_sun,True
DX_1147.0,ETH,0x064157699884433163bdba81a0fab7c425c69a50,,,2020-08-06 14:47:42.346760068,1,Transaction Limitation,dianxiang_sun,True
DX_1735.0,ETH,0x89742aa24dfdd0912866f89466f53af87008ad57,,,2020-08-07 11:15:01.576182136,1,Transaction Limitation,dianxiang_sun,True
DX_1136.0,ETH,0x31e426f77b5f31a1963f64d8f2fffaf4cb9b7d5c,,,2020-08-07 21:28:41.190893168,1,Transaction Limitation,dianxiang_sun,True
DX_849.0,ETH,0x609f09c551f9cb3e9638f0d35eeadfcb43cadd6c,,,2020-08-08 17:56:00.420315236,1,Transaction Limitation,dianxiang_sun,True
DX_681.0,ETH,0x2f4155d63c2a9a176a10e4e28e917563d0882483,,,2020-08-09 04:09:40.035026268,1,Transaction Limitation,dianxiang_sun,True
DX_134.0,ETH,0xabcb4793ecce5db06977a6271eea13d46fe7d1b5,,,2020-08-09 14:23:19.649737304,1,Fee,dianxiang_sun,True
dForce (DF),ETH,,,,2020-08-10 00:00:00.000000000,0,,tm_rugpull,
DX_827.0,ETH,0x2be7ee2338e961348353d021e33ccaba1d2037dd,,,2020-08-10 00:36:59.264448336,1,Transaction Limitation,dianxiang_sun,True
DX_906.0,ETH,0xf836bcea14bfd5fcc449539ad9bcd58032cd5eaf,,,2020-08-10 00:36:59.264448336,1,Transaction Limitation,dianxiang_sun,True
DX_1993.0,ETH,0x44353837627ee7000be4a7de89d284f6076fbf7b,,,2020-08-11 17:31:37.723292468,1,Transaction Limitation,dianxiang_sun,True
DX_861.0,ETH,0xf2d04eb59795e3e6ede21aac43e47c5425e3554a,,,2020-08-12 03:45:17.338003500,1,Transaction Limitation,dianxiang_sun,True
DX_4.0,ETH,0x820ba67398c3ea745eb8766fd3f444a92d4de316,,,2020-08-13 00:12:36.567425568,1,Combination,dianxiang_sun,True
DX_346.0,ETH,0x6f7a4bac3315b5082f793161a22e26666d22717f,,,2020-08-13 00:12:36.567425568,1,Transaction Limitation,dianxiang_sun,True
Meta (MTA),ETH,,,,2020-08-14 00:00:00.000000000,0,,tm_rugpull,
DX_1044.0,ETH,0x62102fde7d10c9b4a9ecf48be751978fae931cf0,,,2020-08-14 06:53:35.411558668,1,Transaction Limitation,dianxiang_sun,True
DX_1663.0,ETH,0xb0edfc78d732f1f44cf01078b1bc3fc49c6ac919,,,2020-08-14 17:07:15.026269700,1,Transaction Limitation,dianxiang_sun,True
DX_122.0,ETH,0x144461ba378e25cf141df22ac73bcc27318ab359,,,2020-08-15 03:20:54.640980736,1,Fee,dianxiang_sun,True
DX_1923.0,ETH,0xba839bc49dd509d15df940bc5fdb0f4cab6ae5fe,,,2020-08-15 13:34:34.255691768,1,Transaction Limitation,dianxiang_sun,True
DX_1621.0,ETH,0x1fa99e01a0d4c00360cde4e017c1c1e3c0c51c92,,,2020-08-15 23:48:13.870402800,1,Transaction Limitation,dianxiang_sun,True
SAND (SAND),ETH,,,,2020-08-16 00:00:00.000000000,0,,tm_rugpull,
Props Token (PROPS),ETH,,,,2020-08-16 00:00:00.000000000,0,,tm_rugpull,
DX_939.0,ETH,0xa45db5126631c95eb7dbe4741775628b8f6a70f7,,,2020-08-17 06:29:12.714535900,1,Transaction Limitation,dianxiang_sun,True
DX_1582.0,ETH,0x1585f9ad402c51b3aae882b1366ce5ca4c53cc17,,,2020-08-17 06:29:12.714535900,1,Transaction Limitation,dianxiang_sun,True
DX_543.0,ETH,0xd1ec19a773de54897487dd4007f8cca5e220633b,,,2020-08-17 06:29:12.714535900,1,Transaction Limitation,dianxiang_sun,True
DX_435.0,ETH,0xee2faf304f42abd304acda750d6d295d76176142,,,2020-08-17 16:42:52.329246936,1,Transaction Limitation,dianxiang_sun,True
DX_1418.0,ETH,0x4e1052e9c33f651287d8f3c0a62f92e97645157e,,,2020-08-17 16:42:52.329246936,1,Transaction Limitation,dianxiang_sun,True
MANTRA DAO (OM),ETH,,,,2020-08-18 00:00:00.000000000,0,,tm_rugpull,
DX_483.0,ETH,0x19d895f6ffa425b6a265cf16d8b8d03ec284d87d,,,2020-08-18 02:56:31.943957968,1,Transaction Limitation,dianxiang_sun,True
DX_2340.0,ETH,0x15d0e6cedd8ecc39daa60c63a3a5830eeca7d720,,,2020-08-18 23:23:51.173380036,1,Transaction Limitation,dianxiang_sun,True
DX_1194.0,ETH,0xd17d0ffdd8c8c3f587dc1f00acca4734de5f81dd,,,2020-08-18 23:23:51.173380036,1,Transaction Limitation,dianxiang_sun,True
DX_1772.0,ETH,0xc6a3244d2a6131b2c9daf3d4d128ecc79901b214,,,2020-08-18 23:23:51.173380036,1,Transaction Limitation,dianxiang_sun,True
Parsiq Token (PRQ),ETH,,,,2020-08-21 00:00:00.000000000,0,,tm_rugpull,
Curve DAO Token (CRV),ETH,,,,2020-08-21 00:00:00.000000000,0,,tm_rugpull,
DX_1456.0,ETH,0xc1b2b9b859acc555c3231318002bffbedb66b545,,,2020-08-21 02:32:09.246935200,1,Transaction Limitation,dianxiang_sun,True
DX_179.0,ETH,0x1af0b9c47e5d5e33c2eeb8f75657c9b6a4747251,,,2020-08-21 12:45:48.861646232,1,Fee,dianxiang_sun,True
DX_1575.0,ETH,0x7c72f6bd57c8e82ce8cab6b238d16257c19f9922,,,2020-08-22 09:13:08.091068300,1,Transaction Limitation,dianxiang_sun,True
DX_1287.0,ETH,0xb42f39858a989b614f69db5a4c751978c5002837,,,2020-08-22 09:13:08.091068300,1,Transaction Limitation,dianxiang_sun,True
DX_133.0,ETH,0x9d02e3bfa181c93f99cfebefee754c768002e077,,,2020-08-22 19:26:47.705779332,1,Fee,dianxiang_sun,True
DX_1953.0,ETH,0xa0861b22a92d1288de87521ff25735894497b845,,,2020-08-23 05:40:27.320490368,1,Transaction Limitation,dianxiang_sun,True
DX_1896.0,ETH,0x65f719f2e635657d206bad856f56727a229edf23,,,2020-08-24 02:07:46.549912432,1,Transaction Limitation,dianxiang_sun,True
DX_695.0,ETH,0xd912e7ac27e8b1befc7d1c2c782387de9d247914,,,2020-08-24 02:07:46.549912432,1,Transaction Limitation,dianxiang_sun,True
DX_6.0,ETH,0x7e3e6DB63aAa23f25fdD97064093681dfDFf5A07,,,2020-08-24 12:21:26.164623468,1,Combination,dianxiang_sun,True
DX_568.0,ETH,0x891e3f84f172b55bfb7f0abfbdcc9ea9ae0196fd,,,2020-08-26 05:16:04.623467600,1,Transaction Limitation,dianxiang_sun,True
DX_1975.0,ETH,0x533fc0329e4aebe76fdeb5613610188419054ffe,,,2020-08-26 15:29:44.238178632,1,Transaction Limitation,dianxiang_sun,True
DX_761.0,ETH,0xc0bf10374936fa949f2f1463506b3755afa2d7f0,,,2020-08-28 18:38:02.311733800,1,Transaction Limitation,dianxiang_sun,True
DX_1491.0,ETH,0xbfbe715cb4846e453a3353659a2f982185799fe7,,,2020-08-28 18:38:02.311733800,1,Transaction Limitation,dianxiang_sun,True
DX_1420.0,ETH,0xdbdce4d3ab827666a66599980b4004b3d70ada18,,,2020-08-28 18:38:02.311733800,1,Transaction Limitation,dianxiang_sun,True
Concentrated Voting Power (CVP),ETH,,,,2020-08-29 00:00:00.000000000,0,,tm_rugpull,
DX_433.0,ETH,0x27496c3b6dca595fca4651655335953690e7978c,,,2020-08-30 01:19:01.155866900,1,Transaction Limitation,dianxiang_sun,True
DX_2314.0,ETH,0x265c91539255a96e1005a0fd11ca776c183d04f5,,,2020-08-31 08:00:00.000000000,1,Transaction Limitation,dianxiang_sun,True
Magnet Finance (MGT),ETH,,,,2020-09-02 00:00:00.000000000,1,,tm_rugpull,
DX_2151.0,ETH,0x017bcaee2456d8bd0e181f94165919a4a2ecc2d9,,,2020-09-02 00:54:38.458844132,1,Transaction Limitation,dianxiang_sun,True
DX_1516.0,ETH,0x819c492d85a02a7f4aa1fa801fc7e3d565c8273d,,,2020-09-02 00:54:38.458844132,1,Transaction Limitation,dianxiang_sun,True
DX_1050.0,ETH,0x7a969692a9fde76b6889ab44deb12d3e6f81c138,,,2020-09-02 21:21:57.688266200,1,Transaction Limitation,dianxiang_sun,True
DX_2159.0,ETH,0x340844b39aacbdb4e7718fa14a95758f87a09a9a,,,2020-09-02 21:21:57.688266200,1,Transaction Limitation,dianxiang_sun,True
DX_1781.0,ETH,0xa82a27f182f1096615175695f55969253c036419,,,2020-09-02 21:21:57.688266200,1,Transaction Limitation,dianxiang_sun,True
FARM Reward Token (FARM),ETH,,,,2020-09-03 00:00:00.000000000,0,,tm_rugpull,
FARM Reward Token (FARM),ETH,,,,2020-09-03 00:00:00.000000000,1,,tm_rugpull,
BACON (BACON),ETH,,,,2020-09-04 00:00:00.000000000,1,,tm_rugpull,
DX_570.0,ETH,0x5b220cbe0fc836436a0f6c72e01d37c61176e2e7,,,2020-09-04 14:16:36.147110332,1,Transaction Limitation,dianxiang_sun,True
DX_257.0,BSC,0x4eB0bcccedcBB3fF5C13879d86bbC0F5B1579F1D,,,2020-09-05 20:57:34.991243432,1,Token Generation,dianxiang_sun,True
DX_2092.0,ETH,0x6a2e025f43ca4d0d3c61bdee85a8e37e81880528,,,2020-09-05 20:57:34.991243432,1,Transaction Limitation,dianxiang_sun,True
DX_1363.0,ETH,0x2c7943738e4ef7e1dbeeb42ea03b9ec5adb04841,,,2020-09-06 07:11:14.605954464,1,Transaction Limitation,dianxiang_sun,True
DX_711.0,ETH,0xefee1d07c3fdc0159028f0311747eccc00dcec0e,,,2020-09-07 03:38:33.835376532,1,Transaction Limitation,dianxiang_sun,True
Alchemy (ACH),ETH,,,,2020-09-08 00:00:00.000000000,0,,tm_rugpull,
DX_865.0,ETH,0xb513898affad3dad3df23561a259bf6ed4eb1e0c,,,2020-09-08 00:05:53.064798600,1,Transaction Limitation,dianxiang_sun,True
DX_826.0,ETH,0x6fee1491b58bd6c927e631580dba6d3dbfd46c7a,,,2020-09-08 20:33:12.294220664,1,Transaction Limitation,dianxiang_sun,True
DX_1075.0,ETH,0x8148ce0a8600185a2e3326c6448627f51f1a38bb,,,2020-09-08 20:33:12.294220664,1,Transaction Limitation,dianxiang_sun,True
DX_1610.0,ETH,0x4d98ed5510dc8d9e06e7f24d0b8a257c62ca5b2b,,,2020-09-09 17:00:31.523642732,1,Transaction Limitation,dianxiang_sun,True
DX_1859.0,ETH,0x75a17f41d2e11201f0b1f445fa3f5c2f7eeaa2ab,,,2020-09-10 03:14:11.138353764,1,Transaction Limitation,dianxiang_sun,True
CRP_32,Ethereum,0xAbE776435f7459E2f5bA773Bfb753ed19a053dD0,,,2020-09-10 13:27:50.753064796,0,,crpwarner,True
DX_1525.0,ETH,0xa558fe9a36213b39c57989e4a38f1f2b33cedd5d,,,2020-09-11 09:55:09.982486864,1,Transaction Limitation,dianxiang_sun,True
DX_129.0,ETH,0x90f948e6c3b8d37c44034c6897348242369926a6,,,2020-09-12 06:22:29.211908932,1,Fee,dianxiang_sun,True
DX_1917.0,ETH,0xd298b667b0a0a83abdeaa21156a57d657d7a04b6,,,2020-09-12 16:36:08.826619964,1,Transaction Limitation,dianxiang_sun,True
Perpetual (PERP),ETH,,,,2020-09-13 00:00:00.000000000,0,,tm_rugpull,
DX_1244.0,ETH,0x4bb58e2cf39a207d55dce2d831894df0ff230a47,,,2020-09-13 23:17:07.670753064,1,Transaction Limitation,dianxiang_sun,True
Phala (PHA),ETH,,,,2020-09-14 00:00:00.000000000,0,,tm_rugpull,
DX_1675.0,ETH,0x791dd7e8c2d03c13e980108041e9c85112f35059,,,2020-09-14 19:44:26.900175132,1,Transaction Limitation,dianxiang_sun,True
DX_1360.0,ETH,0x566faf60b96b55b0eb77a5197aa880babb983163,,,2020-09-14 19:44:26.900175132,1,Transaction Limitation,dianxiang_sun,True
Frontier Token (FRONT),ETH,,,,2020-09-16 00:00:00.000000000,0,,tm_rugpull,
DX_12.0,ETH,0xdC1A16194E246a7483780b65f52fE197742c8ae1,,,2020-09-16 02:25:25.744308232,1,Combination,dianxiang_sun,True
DX_2252.0,ETH,0xb620cee6b52f96f3c6b253e6eea556aa2d214a99,,,2020-09-16 12:39:05.359019264,1,Transaction Limitation,dianxiang_sun,True
CRP_48,Ethereum,0x17E65E6b9B166Fb8e7c59432F0db126711246BC0,,,2020-09-16 22:52:44.973730296,0,,crpwarner,True
Xfinance (XFI),ETH,,,,2020-09-17 00:00:00.000000000,1,,tm_rugpull,
MoonToken (MOON),ETH,,,,2020-09-17 00:00:00.000000000,0,,tm_rugpull,
DX_1583.0,ETH,0x6b3d5c0fdd9259c5f4692eb79b21a705b3be3106,,,2020-09-18 05:33:43.817863396,1,Transaction Limitation,dianxiang_sun,True
DX_1532.0,ETH,0x104261ab1706703e3387e5737014094ddfd19ae0,,,2020-09-18 05:33:43.817863396,1,Transaction Limitation,dianxiang_sun,True
DX_2275.0,ETH,0xe3d085b7bdf97c6d003abcec2003b9c5b120d616,,,2020-09-18 15:47:23.432574428,1,Transaction Limitation,dianxiang_sun,True
DX_2075.0,ETH,0x155d0d3a8598d50c95d0d7ae1356b4b619b1589c,,,2020-09-18 15:47:23.432574428,1,Transaction Limitation,dianxiang_sun,True
DX_1463.0,ETH,0x952374fb2f8f8c63e5d9a43252e62f7efc1f4429,,,2020-09-19 22:28:22.276707528,1,Transaction Limitation,dianxiang_sun,True
DX_83.0,ETH,0x9f0d326539d45f3924c824b8da11441cd4c2d7a1,,,2020-09-20 08:42:01.891418564,1,Fee,dianxiang_sun,True
DX_284.0,ETH,0x1f10822c753a1f587923d9916e64738ee7c27419,,,2020-09-20 08:42:01.891418564,1,Transaction Limitation,dianxiang_sun,True
DX_781.0,ETH,0x1bd8ff39b407816e16e97bf0f0aa2cfa154544cd,,,2020-09-20 18:55:41.506129596,1,Transaction Limitation,dianxiang_sun,True
DX_1027.0,ETH,0x651255b45249f474ea03b85acfff07375edd340e,,,2020-09-21 05:09:21.120840628,1,Transaction Limitation,dianxiang_sun,True
DX_2231.0,ETH,0x11f4306f9812b80e75c1411c1cf296b04917b2f0,,,2020-09-21 05:09:21.120840628,1,Transaction Limitation,dianxiang_sun,True
DX_1381.0,ETH,0x52bab62dc91e37810a483c49876ba411b288d873,,,2020-09-21 15:23:00.735551664,1,Transaction Limitation,dianxiang_sun,True
DX_1754.0,ETH,0x13650c72a45ff1f8df340efa4379c19c32f80a32,,,2020-09-22 01:36:40.350262696,1,Transaction Limitation,dianxiang_sun,True
DX_108.0,ETH,0x01030bcd89add33f779484662e2f2f7337f8912b,,,2020-09-22 11:50:19.964973728,1,Fee,dianxiang_sun,True
DX_2333.0,ETH,0xef75f477126d05519d965d116fc9606e60fc70a8,,,2020-09-22 22:03:59.579684764,1,Transaction Limitation,dianxiang_sun,True
DX_1971.0,ETH,0xac3f60f344c9a5647ef4b306ef209e575bfa572b,,,2020-09-22 22:03:59.579684764,1,Transaction Limitation,dianxiang_sun,True
DX_1785.0,ETH,0x4c334f280f9e440788b66c4e5260c03e4477267a,,,2020-09-23 08:17:39.194395796,1,Transaction Limitation,dianxiang_sun,True
Octo.fi (OCTO),ETH,,,,2020-09-24 00:00:00.000000000,0,,tm_rugpull,
DX_336.0,ETH,0xdd8a513d11bd563e009f8e561c488ba7969470e1,,,2020-09-24 04:44:58.423817864,1,Transaction Limitation,dianxiang_sun,True
DX_1628.0,ETH,0x0516cbb0bdea3a8c782d3ec6388283e2860fdc8b,,,2020-09-24 14:58:38.038528896,1,Transaction Limitation,dianxiang_sun,True
DX_668.0,ETH,0x7a5a3daad123ccfcf52d534481fc1922f5e48ecd,,,2020-09-24 14:58:38.038528896,1,Transaction Limitation,dianxiang_sun,True
DX_1065.0,ETH,0xf51e0ec94819a954d1b206367eaf6bbb7150378a,,,2020-09-25 11:25:57.267950964,1,Transaction Limitation,dianxiang_sun,True
DX_884.0,ETH,0xda8a938fa494348aeefcc57a4b1927ebfc9c91f9,,,2020-09-26 07:53:16.497373028,1,Transaction Limitation,dianxiang_sun,True
DX_901.0,ETH,0xddad0f29454cc9788a022f5d9db2fe335ffaea6d,,,2020-09-26 18:06:56.112084064,1,Transaction Limitation,dianxiang_sun,True
CRP_6,Ethereum,0x3E597EA168A85AA2AE5E2c4333665Bcd875eD10F,,,2020-09-26 18:06:56.112084064,1,,crpwarner,True
DX_81.0,ETH,0xfe88bc8913d4b2ae8e0399714a0fdbd331d1ce5f,,,2020-09-26 18:06:56.112084064,1,Fee,dianxiang_sun,True
DX_1224.0,ETH,0xb552898c907a70c3311f085a4372d3f9a3eb10b7,,,2020-09-27 04:20:35.726795096,1,Transaction Limitation,dianxiang_sun,True
DX_859.0,ETH,0x7da8f83c6ee8d48840ecc724b1d2ed8e04da2979,,,2020-09-27 14:34:15.341506128,1,Transaction Limitation,dianxiang_sun,True
DX_1122.0,ETH,0x4c9d1312a2a518f69556dd59018efbf748e838bb,,,2020-09-28 00:47:54.956217160,1,Transaction Limitation,dianxiang_sun,True
DX_607.0,ETH,0x47ee672caefa771287bea71777c00d8a166de8dc,,,2020-09-30 03:56:13.029772328,1,Transaction Limitation,dianxiang_sun,True
DX_850.0,ETH,0x81512fbf58a7d3d51c7186a436ef88732f2b8375,,,2020-09-30 03:56:13.029772328,1,Transaction Limitation,dianxiang_sun,True
DX_1273.0,ETH,0xa0ce0d783a18bf2fef6066e5557e9f80c98abc18,,,2020-10-01 00:23:32.259194396,1,Transaction Limitation,dianxiang_sun,True
DX_760.0,ETH,0xc62ef996448f5991e1d0fbb73008062e5dc74701,,,2020-10-01 00:23:32.259194396,1,Transaction Limitation,dianxiang_sun,True
DX_33.0,ETH,0xcbeaec699431857fdb4d37addbbdc20e132d4903,,,2020-10-01 20:50:51.488616460,1,Destroy Token,dianxiang_sun,True
DX_1547.0,ETH,0x87178e920ac391f80559b74464bc9729823abbeb,,,2020-10-01 20:50:51.488616460,1,Transaction Limitation,dianxiang_sun,True
Rubic (BRBC),ETH,,,,2020-10-03 00:00:00.000000000,0,,tm_rugpull,
DX_428.0,ETH,0xc10b175856d01d85c4b130b777b3631402d1535e,,,2020-10-03 03:31:50.332749560,1,Transaction Limitation,dianxiang_sun,True
DX_1750.0,ETH,0xb551605ab0aac7df6b278b20560ec698ea395191,,,2020-10-04 10:12:49.176882660,1,Transaction Limitation,dianxiang_sun,True
DX_662.0,ETH,0xdaeda18ad9fb6e7d2bc7b0860b7271ff3306679f,,,2020-10-05 06:40:08.406304728,1,Transaction Limitation,dianxiang_sun,True
DX_994.0,ETH,0xd8af3b70abd26ef9e92c273060423904c34a8ed7,,,2020-10-05 16:53:48.021015760,1,Transaction Limitation,dianxiang_sun,True
Dexe (DEXE),ETH,,,,2020-10-06 00:00:00.000000000,0,,tm_rugpull,
DODO bird (DODO),BSC,,,,2020-10-06 00:00:00.000000000,0,,tm_rugpull,
DX_3.0,ETH,0x05c9b6764a153faf4262d3885a845af694775953,,,2020-10-06 03:07:27.635726796,1,Combination,dianxiang_sun,True
DX_2226.0,ETH,0x064656852581472f9b315fea4730fe18fb7c579a,,,2020-10-06 03:07:27.635726796,1,Transaction Limitation,dianxiang_sun,True
DX_263.0,ETH,0x215d253583D79259C56FfA188DC0744f6A7d26c1,,,2020-10-06 03:07:27.635726796,1,Token Generation,dianxiang_sun,True
DX_1243.0,ETH,0x8f82592327d6d0b0a3f85eaf046aaee3e6bc064d,,,2020-10-06 23:34:46.865148860,1,Transaction Limitation,dianxiang_sun,True
DX_106.0,ETH,0xbe152d374cbeeb1dfba8f0d96e7399376061c682,,,2020-10-06 23:34:46.865148860,1,Fee,dianxiang_sun,True
DX_1091.0,ETH,0xfca1d1039383109245324456c7500d7e93b5be26,,,2020-10-06 23:34:46.865148860,1,Transaction Limitation,dianxiang_sun,True
DX_722.0,ETH,0xf02614f09acd512929b97393e33f4fbe78bc67d9,,,2020-10-07 09:48:26.479859892,1,Transaction Limitation,dianxiang_sun,True
DX_2185.0,ETH,0xa16cdcba1d6cb6874ff9fd8a6c8b82a3f834f512,,,2020-10-07 20:02:06.094570928,1,Transaction Limitation,dianxiang_sun,True
DX_878.0,ETH,0x29a676577bd8ac134fa2379b8eeb2e7ce54d6068,,,2020-10-09 02:43:04.938704028,1,Transaction Limitation,dianxiang_sun,True
DODO bird (DODO),ETH,,,,2020-10-10 00:00:00.000000000,0,,tm_rugpull,
DX_1285.0,ETH,0x341fe0dcd9bc5b90270564695cd0d98500a9fdb3,,,2020-10-10 09:24:03.782837128,1,Transaction Limitation,dianxiang_sun,True
DX_430.0,ETH,0xaecea37a86a1a74a30664e7808c4c85388a975ed,,,2020-10-11 16:05:02.626970228,1,Transaction Limitation,dianxiang_sun,True
DX_2336.0,ETH,0xa379eda47d90fb4bc2dfa54556421ff0f198ca47,,,2020-10-12 02:18:42.241681260,1,Transaction Limitation,dianxiang_sun,True
DX_636.0,ETH,0x11cbc7a5d0f35df7ce0474cf290de7bdabe8e3d9,,,2020-10-12 22:46:01.471103328,1,Transaction Limitation,dianxiang_sun,True
DX_1947.0,ETH,0xa4f4df34357bdc9a6c37164e79556f9fbac029df,,,2020-10-12 22:46:01.471103328,1,Transaction Limitation,dianxiang_sun,True
DX_1049.0,ETH,0x69a7ee23c2bfd05b91f9adca330045c60164e1c2,,,2020-10-13 08:59:41.085814360,1,Transaction Limitation,dianxiang_sun,True
DX_307.0,ETH,0x93c564d4cc593867daae181eb3b494a2362b1ec5,,,2020-10-13 08:59:41.085814360,1,Transaction Limitation,dianxiang_sun,True
DX_320.0,ETH,0x378903a03fb2c3ac76bb52773e3ce11340377a32,,,2020-10-14 05:27:00.315236428,1,Transaction Limitation,dianxiang_sun,True
Digital Reserve Currency (DRC),ETH,,,,2020-10-15 00:00:00.000000000,0,,tm_rugpull,
DX_1857.0,ETH,0xe5715af144ee0bb201169b7c00d4e5b1f0ce8f29,,,2020-10-15 22:21:38.774080560,1,Transaction Limitation,dianxiang_sun,True
DX_779.0,ETH,0x564532a6368c0e979928bd82f60ea724ed2e2921,,,2020-10-15 22:21:38.774080560,1,Transaction Limitation,dianxiang_sun,True
DX_713.0,ETH,0xc58d71ade18dfe9de3ec89ab2692903ff66680a3,,,2020-10-15 22:21:38.774080560,1,Transaction Limitation,dianxiang_sun,True
Binance-Peg Filecoin (FIL),BSC,,,,2020-10-16 00:00:00.000000000,0,,tm_rugpull,
DX_1549.0,ETH,0xd4e5e205d61a3347ebe273f415df5d8c559ca4e2,,,2020-10-16 08:35:18.388791592,1,Transaction Limitation,dianxiang_sun,True
DX_467.0,ETH,0xb6d00b8c999bb828d57b6de28a4de8d5ef605bae,,,2020-10-17 15:16:17.232924692,1,Transaction Limitation,dianxiang_sun,True
Aave Token (AAVE),ETH,,,,2020-10-18 00:00:00.000000000,0,,tm_rugpull,
DX_210.0,BSC,0x28199B96655D1280296c31353Cd188E696506faa,,,2020-10-18 01:29:56.847635724,1,Funds Manipulation,dianxiang_sun,True
DX_1970.0,ETH,0xd496edc778b211ecd30d261395c9adb79b81fb11,,,2020-10-19 08:10:55.691768824,1,Transaction Limitation,dianxiang_sun,True
DX_334.0,ETH,0xd7394087e1dbbe477fe4f1cf373b9ac9459565ff,,,2020-10-19 18:24:35.306479860,1,Transaction Limitation,dianxiang_sun,True
DX_1627.0,ETH,0x96a72e2131b02936551c38571ca18567508e5707,,,2020-10-20 14:51:54.535901924,1,Transaction Limitation,dianxiang_sun,True
UniCrypt (UNCX),ETH,,,,2020-10-21 00:00:00.000000000,0,,tm_rugpull,
ArbiSwap (ArbiSwap),ARBI,,,,2020-10-21 00:00:00.000000000,1,,tm_rugpull,
UniCrypt (UNCX),ETH,,,,2020-10-21 00:00:00.000000000,0,,tm_rugpull,
Injective Token (INJ),ETH,,,,2020-10-21 00:00:00.000000000,0,,tm_rugpull,
DX_39.0,BSC,0x9639d76092b2ae074a7e2d13ac030b4b6a0313ff,,,2020-10-21 01:05:34.150612960,1,External Call,dianxiang_sun,True
DX_1823.0,ETH,0xf81748026771329a0aa804cc4df23a7918c87d7f,,,2020-10-21 11:19:13.765323992,1,Transaction Limitation,dianxiang_sun,True
Venus (XVS),ETH,,,,2020-10-22 00:00:00.000000000,0,,tm_rugpull,
DX_180.0,ETH,0xb76c52b4840042bb166291a5712fd0b4ff7488ab,,,2020-10-22 07:46:32.994746060,1,Fee,dianxiang_sun,True
DX_852.0,ETH,0xd1df8e77c27ddd6fa8b65db9fbac0be7bb110b4e,,,2020-10-22 18:00:12.609457092,1,Transaction Limitation,dianxiang_sun,True
DX_1310.0,ETH,0x788c8e3267bbbcbef81c1f576fd2034ee439a082,,,2020-10-23 04:13:52.224168124,1,Transaction Limitation,dianxiang_sun,True
DX_18.0,ETH,0x6ea6531b603f270d23d9edd2d8279135dc5d6773,,,2020-10-23 04:13:52.224168124,1,Destroy Token,dianxiang_sun,True
DX_1041.0,ETH,0xaf7e377798e1c01866c72386d4e43f7fa8d8b1c1,,,2020-10-23 04:13:52.224168124,1,Transaction Limitation,dianxiang_sun,True
DX_667.0,ETH,0x47e85188746819bdac7ec1abdfe8840813222745,,,2020-10-24 10:54:51.068301224,1,Transaction Limitation,dianxiang_sun,True
DX_8.0,BSC,0x1c5E99C04A1FCC474cDFDEC39b80aDD760c0C713,,,2020-10-25 17:35:49.912434324,1,Combination,dianxiang_sun,True
DX_1732.0,ETH,0xe8b94ae3f6fb26738771c7adf5a29531c43e2a68,,,2020-10-25 17:35:49.912434324,1,Transaction Limitation,dianxiang_sun,True
Audius (AUDIO),ETH,,,,2020-10-28 00:00:00.000000000,0,,tm_rugpull,
MTI FINANCE (MTI),ETH,,,,2020-10-28 00:00:00.000000000,1,,tm_rugpull,
DX_285.0,ETH,0x2bba3cf6de6058cc1b4457ce00deb359e2703d7f,,,2020-10-28 06:57:47.600700524,1,Transaction Limitation,dianxiang_sun,True
Keep3rV1 (KP3R),ETH,,,,2020-10-29 00:00:00.000000000,0,,tm_rugpull,
DX_1177.0,ETH,0x54c0b460539e1789b935d680a4712924e8ef81a5,,,2020-10-29 03:25:06.830122592,1,Transaction Limitation,dianxiang_sun,True
DX_731.0,ETH,0xf5455b46e19e110666e89179327d83f482425ad8,,,2020-10-29 03:25:06.830122592,1,Transaction Limitation,dianxiang_sun,True
DX_767.0,ETH,0x7d438ebe642700948354c21be472ffc18de725dc,,,2020-10-29 13:38:46.444833624,1,Transaction Limitation,dianxiang_sun,True
DX_733.0,ETH,0xd5cd07a0faa707a8c755febb0964f1e18e5ffff9,,,2020-10-29 23:52:26.059544656,1,Transaction Limitation,dianxiang_sun,True
DX_515.0,ETH,0xf1b377e61063da4dd9996100d641eb7c537756c2,,,2020-10-29 23:52:26.059544656,1,Transaction Limitation,dianxiang_sun,True
Oraichain Token (ORAI),ETH,,,,2020-10-31 00:00:00.000000000,0,,tm_rugpull,
DX_377.0,ETH,0xd74d7e9fee4283564dac6d524c0f80170504cec6,,,2020-10-31 06:33:24.903677756,1,Transaction Limitation,dianxiang_sun,True
DX_596.0,ETH,0x1c5dabc7447669be39168d49762fd63ee274b778,,,2020-10-31 06:33:24.903677756,1,Transaction Limitation,dianxiang_sun,True
DX_897.0,ETH,0x3c6c3c256f8d7edf2b558bab747a3a01833e4c6e,,,2020-10-31 06:33:24.903677756,1,Transaction Limitation,dianxiang_sun,True
DX_954.0,ETH,0xe96e752aef25a00bec2c8c6582413a4adf24145c,,,2020-10-31 16:47:04.518388792,1,Transaction Limitation,dianxiang_sun,True
DX_1631.0,ETH,0x93d8d4d2038a64a963f303280e7ef54ce36bf3eb,,,2020-10-31 16:47:04.518388792,1,Transaction Limitation,dianxiang_sun,True
DX_1585.0,ETH,0x6ef2e2ac510c8d7cb20a06b2af4f13e4033a7574,,,2020-11-01 13:14:23.747810856,1,Transaction Limitation,dianxiang_sun,True
DX_1854.0,ETH,0x2b4435ba4fa3e705814915a07f28997846e00e97,,,2020-11-01 23:28:03.362521892,1,Transaction Limitation,dianxiang_sun,True
CRP_41,Ethereum,0x85AA3f04e539e426cbB55c0D584ea99cFE1D96A1,,,2020-11-02 19:55:22.591943956,0,,crpwarner,True
Dvision (DVI),ETH,,,,2020-11-03 00:00:00.000000000,0,,tm_rugpull,
Auric Network (AUSCM),ETH,,,,2020-11-03 00:00:00.000000000,0,,tm_rugpull,
DX_286.0,ETH,0x2bda5b625d3b50848e8563480ed50ec782dd42ee,,,2020-11-03 06:09:02.206654992,1,Transaction Limitation,dianxiang_sun,True
DX_788.0,ETH,0x4056ef1dbc4554f718c3359c1df14ce8ddf9b098,,,2020-11-03 06:09:02.206654992,1,Transaction Limitation,dianxiang_sun,True
GAME SWAP (GAME),ETH,,,,2020-11-04 00:00:00.000000000,1,,tm_rugpull,
DX_2143.0,ETH,0x7bc51b19abe2cfb15d58f845dad027feab01bfa0,,,2020-11-04 02:36:21.436077056,1,Transaction Limitation,dianxiang_sun,True
DX_67.0,ETH,0x09fc992fd3a99826c691d0cd51a04b8168c4e3a6,,,2020-11-04 12:50:01.050788088,1,Fee,dianxiang_sun,True
DX_729.0,ETH,0x787a15a8673b9f6e9ea2aa6173bcad8bd35ad117,,,2020-11-04 23:03:40.665499124,1,Transaction Limitation,dianxiang_sun,True
DX_1564.0,ETH,0x2c4b9e6dc36cba2b946cde07b02c47596d51cc7c,,,2020-11-05 09:17:20.280210156,1,Transaction Limitation,dianxiang_sun,True
DX_209.0,BSC,0x34c2837e11bD18F426c39E6767d52c3868DF8DC2,,,2020-11-05 19:30:59.894921188,1,Funds Manipulation,dianxiang_sun,True
DX_11.0,BSC,0x8ed9C7E4D8DfE480584CC7EF45742ac302bA27D7,,,2020-11-07 12:25:38.353765324,1,Combination,dianxiang_sun,True
DX_1740.0,ETH,0x6723164e42b0fddf10a572c4cc8d7c5ee639a56c,,,2020-11-07 12:25:38.353765324,1,Transaction Limitation,dianxiang_sun,True
DX_1672.0,ETH,0x603ca4019562ddab171ffd8e917a7a212f74c9af,,,2020-11-07 12:25:38.353765324,1,Transaction Limitation,dianxiang_sun,True
DX_755.0,ETH,0x1bb2045270eafc738150abc121f2497c17eb32f3,,,2020-11-07 22:39:17.968476356,1,Transaction Limitation,dianxiang_sun,True
FreewayToken (FWT),ETH,,,,2020-11-08 00:00:00.000000000,1,,tm_rugpull,
GALIL (GALIL),ETH,,,,2020-11-08 00:00:00.000000000,1,,tm_rugpull,
yfi.mobi (YFIM),ETH,,,,2020-11-08 00:00:00.000000000,1,,tm_rugpull,
DX_1956.0,ETH,0x054382acf88fc40b155392c1d33e2b732627d2d1,,,2020-11-08 08:52:57.583187388,1,Transaction Limitation,dianxiang_sun,True
Axie Infinity Shard (AXS),ETH,,,,2020-11-09 00:00:00.000000000,0,,tm_rugpull,
CRP_36,Ethereum,0x198376f921570e3cc547Fd5C16e482Cded8B4D1D,,,2020-11-09 15:33:56.427320488,1,,crpwarner,True
DX_1007.0,ETH,0x86c2b85fd87d360ace3df81e2875a0c8865e4067,,,2020-11-10 01:47:36.042031524,1,Transaction Limitation,dianxiang_sun,True
Dolphin Token (DOLPHIN),ETH,,,,2020-11-11 00:00:00.000000000,1,,tm_rugpull,
Dolphin Token (DOLPHIN),ETH,,,,2020-11-11 00:00:00.000000000,1,,tm_rugpull,
DX_1022.0,ETH,0x7d376c12d51176f8991e6a98c200cc5340248b11,,,2020-11-11 08:28:34.886164624,1,Transaction Limitation,dianxiang_sun,True
DX_152.0,ETH,0x1ea0826e9d7a62c1346d09ea00a69d0f0b1f071e,,,2020-11-11 18:42:14.500875656,1,Fee,dianxiang_sun,True
DX_1651.0,ETH,0x9a3098aa385c7671340f033d98f99050736b3641,,,2020-11-11 18:42:14.500875656,1,Transaction Limitation,dianxiang_sun,True
DX_1311.0,ETH,0xa133be32d846d26daf836b648ffff856c32e20c4,,,2020-11-12 15:09:33.730297724,1,Transaction Limitation,dianxiang_sun,True
DX_274.0,ETH,0xf4134146af2d511dd5ea8cdb1c4ac88c57d60404,,,2020-11-12 15:09:33.730297724,1,Token Generation,dianxiang_sun,True
DX_2272.0,ETH,0xc304349d7cc07407b7844d54218d29d1a449b854,,,2020-11-13 01:23:13.345008756,1,Transaction Limitation,dianxiang_sun,True
DX_2164.0,ETH,0x4dc76cfc65b14b3fd83c8bc8b895482f3cbc150a,,,2020-11-13 01:23:13.345008756,1,Transaction Limitation,dianxiang_sun,True
DX_493.0,ETH,0x07d70535e9ef9fc1677c58d94de60b99991ad8e8,,,2020-11-14 08:04:12.189141856,1,Transaction Limitation,dianxiang_sun,True
DX_1053.0,ETH,0xa51c62117be6714d93df5ffeff532d831db73afb,,,2020-11-14 18:17:51.803852888,1,Transaction Limitation,dianxiang_sun,True
DX_2330.0,ETH,0xe1ccb3a5bae6fecdb9b60c0acf94989f48c10742,,,2020-11-15 04:31:31.418563920,1,Transaction Limitation,dianxiang_sun,True
DX_1325.0,ETH,0x2c580f3ddcca3b361869e511636a4e206d3488ec,,,2020-11-15 14:45:11.033274956,1,Transaction Limitation,dianxiang_sun,True
DX_898.0,ETH,0x47efcc4b73f8451ae48d0771f588c9c8ffb43552,,,2020-11-16 11:12:30.262697020,1,Transaction Limitation,dianxiang_sun,True
DX_1185.0,ETH,0xec04fa672313f55b9c9837fae079104257784ecd,,,2020-11-16 21:26:09.877408056,1,Transaction Limitation,dianxiang_sun,True
hypechill.fund (CHILL),ETH,,,,2020-11-17 00:00:00.000000000,1,,tm_rugpull,
Kanva (KNV),ETH,,,,2020-11-18 00:00:00.000000000,1,,tm_rugpull,
GDAO (GDAO),BSC,,,,2020-11-18 00:00:00.000000000,1,,tm_rugpull,
DX_2222.0,ETH,0x878e6c6f9a86a1e5d313e7b872ccd109135e91b4,,,2020-11-18 14:20:48.336252188,1,Transaction Limitation,dianxiang_sun,True
DX_361.0,ETH,0x9954ff0295443c01f562dccb1f893be464e01986,,,2020-11-19 00:34:27.950963220,1,Transaction Limitation,dianxiang_sun,True
DX_1300.0,ETH,0xd45dd5ae67dad79a265a6daf195e6f1f10ce3370,,,2020-11-19 10:48:07.565674256,1,Transaction Limitation,dianxiang_sun,True
DX_2000.0,ETH,0xcf1f5fed0e6c1bf4d113026f5ff949a50a1df3cc,,,2020-11-19 21:01:47.180385288,1,Transaction Limitation,dianxiang_sun,True
DX_2206.0,ETH,0xb6f6f6f47e92e517876d30c04198f45a3bc1b281,,,2020-11-19 21:01:47.180385288,1,Transaction Limitation,dianxiang_sun,True
DX_896.0,ETH,0xb65d1999d4b3b55e4e04d614bde46cafa2a21ce2,,,2020-11-20 17:29:06.409807356,1,Transaction Limitation,dianxiang_sun,True
DX_1658.0,ETH,0x07938148948c39d8f7f61dff3615a960ee1d329b,,,2020-11-20 17:29:06.409807356,1,Transaction Limitation,dianxiang_sun,True
Sav3r.Finance (SAV3R),ETH,,,,2020-11-21 00:00:00.000000000,1,,tm_rugpull,
DX_378.0,ETH,0xa0ade8c33166662c28fde74c3321e260be230315,,,2020-11-21 03:42:46.024518388,1,Transaction Limitation,dianxiang_sun,True
E-RADIX (eXRD),ETH,,,,2020-11-23 00:00:00.000000000,0,,tm_rugpull,
Finance.Vote Token (FVT),ETH,,,,2020-11-23 00:00:00.000000000,0,,tm_rugpull,
DX_130.0,ETH,0xe04fc44d8066178c3d518d366cee9167ee3d0cb9,,,2020-11-24 03:18:23.327495620,1,Fee,dianxiang_sun,True
DX_819.0,ETH,0x1c82bdbd43a3c8bf455d170c4cda55d923f86517,,,2020-11-24 13:32:02.942206652,1,Transaction Limitation,dianxiang_sun,True
DX_808.0,ETH,0xb6e11ef3ed33577a1ce9948a9e594b882b6e2778,,,2020-11-24 23:45:42.556917688,1,Transaction Limitation,dianxiang_sun,True
DX_1818.0,ETH,0x4b6ab039b3fa1e4f388ae176b14f79cd4b0b8c7b,,,2020-11-24 23:45:42.556917688,1,Transaction Limitation,dianxiang_sun,True
COIN (COIN),ETH,,,,2020-11-27 00:00:00.000000000,1,,tm_rugpull,
DX_266.0,ETH,0x48c1b2f3efa85fbafb2ab951bf4ba860a08cdbb7,,,2020-11-27 13:07:40.245183888,1,Token Generation,dianxiang_sun,True
DX_237.0,BSC,0xc3602d8d7301a69b8e36ac438b911fbe4f8a37b3,,,2020-11-27 23:21:19.859894920,1,Token Generation,dianxiang_sun,True
DX_1791.0,ETH,0xf9088c2191e983d00e40c701fde61053358063f5,,,2020-11-28 09:34:59.474605952,1,Transaction Limitation,dianxiang_sun,True
CRP_2,Ethereum,0x94b7D24552933F50A5A5705C446528806dCeA381,,,2020-11-28 19:48:39.089316988,0,,crpwarner,True
DX_267.0,ETH,0x56af6596f28d9e6f289521d31affdb95c412265e,,,2020-11-28 19:48:39.089316988,1,Token Generation,dianxiang_sun,True
DX_642.0,ETH,0x13f747fbef313db8d1833acd6b3ac8c6342f5975,,,2020-11-29 06:02:18.704028020,1,Transaction Limitation,dianxiang_sun,True
DX_838.0,ETH,0x49d5c4e2dc55251ebd1d3c8dbc83e89963a63bd2,,,2020-11-29 16:15:58.318739052,1,Transaction Limitation,dianxiang_sun,True
DX_1068.0,ETH,0x8c33186b5e33a6b83126de02f7ccba9ac75c55bf,,,2020-11-30 12:43:17.548161120,1,Transaction Limitation,dianxiang_sun,True
Empty Set Dollar (ESD),ETH,,,,2020-12-02 00:00:00.000000000,0,,tm_rugpull,
DX_1847.0,ETH,0xc7056a7ece9bb514930745ae7c43529e4dc6fdb3,,,2020-12-02 15:51:35.621716288,1,Transaction Limitation,dianxiang_sun,True
Idle (IDLE),ETH,,,,2020-12-03 00:00:00.000000000,0,,tm_rugpull,
DX_2263.0,ETH,0xfac1c7270bc5b0664e27e7f2e82281d564aedf4e,,,2020-12-03 02:05:15.236427320,1,Transaction Limitation,dianxiang_sun,True
CRP_62,Ethereum,0xEe45E37e2B73E86c709d9edD1c8eA3B0ec72DaD3,,,2020-12-03 12:18:54.851138352,1,,crpwarner,True
DX_2161.0,ETH,0x3e7840b88396acd80bac66021e1354064461a498,,,2020-12-03 22:32:34.465849384,1,Transaction Limitation,dianxiang_sun,True
DX_505.0,ETH,0x64b5f095709d168a432aa114f1972004c1e2d70a,,,2020-12-04 08:46:14.080560420,1,Transaction Limitation,dianxiang_sun,True
DX_1726.0,ETH,0x7b1385e62febf72dc17e2c5804605d476ad404ff,,,2020-12-04 08:46:14.080560420,1,Transaction Limitation,dianxiang_sun,True
DX_1590.0,ETH,0xad2f167654d3a79ca76840a87f7878be3f65192c,,,2020-12-05 05:13:33.309982484,1,Transaction Limitation,dianxiang_sun,True
DX_1343.0,ETH,0x3365cd7b3303aad373771adb90c5c213c2431d7e,,,2020-12-07 08:21:51.383537652,1,Transaction Limitation,dianxiang_sun,True
SKALE (SKL),ETH,,,,2020-12-08 00:00:00.000000000,0,,tm_rugpull,
DX_397.0,ETH,0xc6cb32d19abe4821d6e4970a3962dfcecb4247c9,,,2020-12-08 04:49:10.612959720,1,Transaction Limitation,dianxiang_sun,True
DX_2175.0,ETH,0x70c01853e4430cae353c9a7ae232a6a95f6cafd9,,,2020-12-08 04:49:10.612959720,1,Transaction Limitation,dianxiang_sun,True
DX_1780.0,ETH,0xea10065072096ba9fbfc816b75b60673719ccc50,,,2020-12-08 15:02:50.227670752,1,Transaction Limitation,dianxiang_sun,True
DX_1915.0,ETH,0x0d125433ac3353c421c7eab9149ab09b51520ae8,,,2020-12-08 15:02:50.227670752,1,Transaction Limitation,dianxiang_sun,True
Hype.Bet (Hype.Bet),ETH,,,,2020-12-09 00:00:00.000000000,1,,tm_rugpull,
DX_139.0,ETH,0x9e51431b385d3f34aaa1254cb1f2aabdb01af3d5,,,2020-12-09 01:16:29.842381784,1,Fee,dianxiang_sun,True
DX_1552.0,ETH,0x936ad44c0718a3b6810b74ac277c456ea3becc4d,,,2020-12-09 11:30:09.457092820,1,Transaction Limitation,dianxiang_sun,True
DX_1972.0,ETH,0xe4fcc41ba8242061097dbdbe0a1ed9841603c134,,,2020-12-10 18:11:08.301225920,1,Transaction Limitation,dianxiang_sun,True
DX_1845.0,ETH,0x96fb28a0e016616959a50007f5d8969d7bcf6d2f,,,2020-12-11 14:38:27.530647984,1,Transaction Limitation,dianxiang_sun,True
DX_356.0,ETH,0x21f15966e07a10554c364b988e91dab01d32794a,,,2020-12-14 04:00:25.218914184,1,Transaction Limitation,dianxiang_sun,True
DX_618.0,ETH,0xd9f87cb1e1566d7ad79021060f64c10d49ba8234,,,2020-12-15 00:27:44.448336252,1,Transaction Limitation,dianxiang_sun,True
DX_1997.0,ETH,0x82365e957e2e6c0e8fe8e2db35af620816d44c1e,,,2020-12-15 10:41:24.063047284,1,Transaction Limitation,dianxiang_sun,True
DX_1910.0,ETH,0xf5bb91af80dfb5044b77f31e4189d66fac1ffa5b,,,2020-12-15 10:41:24.063047284,1,Transaction Limitation,dianxiang_sun,True
DX_1004.0,ETH,0x8a16006a5962bcfac364e582aa3a7b0acef8ed6a,,,2020-12-18 20:30:40.980735552,1,Transaction Limitation,dianxiang_sun,True
DX_2200.0,ETH,0xdb1c55f6926e7d847ddf8678905ad871a68199d2,,,2020-12-18 20:30:40.980735552,1,Transaction Limitation,dianxiang_sun,True
DX_1247.0,ETH,0x34e9a17c813d791578509ae9a327f73e0c9cbe4f,,,2020-12-19 06:44:20.595446584,1,Transaction Limitation,dianxiang_sun,True
DX_2101.0,ETH,0xb1f4ca3c6256f415e420de511504af8ea8a9c8e0,,,2020-12-19 16:58:00.210157616,1,Transaction Limitation,dianxiang_sun,True
DX_166.0,ETH,0xa886073a93da86c9814ce4be202e24859636bbf2,,,2020-12-20 03:11:39.824868652,1,Fee,dianxiang_sun,True
DX_1814.0,ETH,0x6c933f57e38bc3f02be52099b4ad39d3c3dcff5e,,,2020-12-20 23:38:59.054290716,1,Transaction Limitation,dianxiang_sun,True
DX_1494.0,ETH,0x59de93e7fdbb3968435d43a22c3b3c69821394b3,,,2020-12-21 20:06:18.283712784,1,Transaction Limitation,dianxiang_sun,True
DLP Duck Token (DUCK),ETH,,,,2020-12-22 00:00:00.000000000,0,,tm_rugpull,
DX_1202.0,ETH,0x87a39da37377fd67ddef7eee942b5f69a35fb1c2,,,2020-12-22 06:19:57.898423816,1,Transaction Limitation,dianxiang_sun,True
DX_740.0,ETH,0x29aea2c41a63fd2e64dcac50ce6600b8b2379aab,,,2020-12-22 16:33:37.513134848,1,Transaction Limitation,dianxiang_sun,True
DX_96.0,ETH,0x4bcb1a8e5c31c44876889b98c55e2f8310894f19,,,2020-12-22 16:33:37.513134848,1,Fee,dianxiang_sun,True
haDAO (MAHA),ETH,,,,2020-12-23 00:00:00.000000000,0,,tm_rugpull,
DX_1175.0,ETH,0x89f2f9e643deb096a9e8945e8a7096cba4e8f9b1,,,2020-12-24 09:28:15.971978984,1,Transaction Limitation,dianxiang_sun,True
DX_1039.0,ETH,0xa2b5c6d877ae7eb964e5e7c79f721d1c0085ec0f,,,2020-12-24 19:41:55.586690016,1,Transaction Limitation,dianxiang_sun,True
DX_2196.0,ETH,0x7a4349a749e59a5736efb7826ee3496a2dfd5489,,,2020-12-24 19:41:55.586690016,1,Transaction Limitation,dianxiang_sun,True
1INCH Token (1INCH),ETH,,,,2020-12-25 00:00:00.000000000,0,,tm_rugpull,
DeFiYieldProtocol (DYP),ETH,,,,2020-12-25 00:00:00.000000000,0,,tm_rugpull,
DX_1749.0,ETH,0xe91843ed2071f12cb4d3189742d40668a6ab789d,,,2020-12-25 05:55:35.201401048,1,Transaction Limitation,dianxiang_sun,True
Marlin POND (POND),ETH,,,,2020-12-26 00:00:00.000000000,0,,tm_rugpull,
Frax (FRAX),ETH,,,,2020-12-26 00:00:00.000000000,0,,tm_rugpull,
DX_617.0,ETH,0x392fa8deceb80ca3d14aeaf1183f5c4ddaa72000,,,2020-12-26 12:36:34.045534148,1,Transaction Limitation,dianxiang_sun,True
DX_452.0,ETH,0x79c068c0e9ed89bed0fc37dad0f8cee9d5ff1c74,,,2020-12-26 12:36:34.045534148,1,Transaction Limitation,dianxiang_sun,True
DX_1608.0,ETH,0x74c2216940500116ba8d71e3625f66c5849965c3,,,2020-12-26 12:36:34.045534148,1,Transaction Limitation,dianxiang_sun,True
DX_1508.0,ETH,0x3c7a4b244f3c841830f5d3335ad5b0a9935c8399,,,2020-12-27 09:03:53.274956216,1,Transaction Limitation,dianxiang_sun,True
DX_1160.0,ETH,0xe86c25620aba82d57b58965fe017488f3e65db84,,,2020-12-28 15:44:52.119089316,1,Transaction Limitation,dianxiang_sun,True
DX_885.0,ETH,0x083a077d6db05f856be4a8dc3eaf2628721e9830,,,2020-12-31 15:20:29.422066548,1,Transaction Limitation,dianxiang_sun,True
DX_1235.0,ETH,0xc21f36b84b03711465f8c0084ca60985b9e570c9,,,2021-01-01 01:34:09.036777580,1,Transaction Limitation,dianxiang_sun,True
DX_1149.0,ETH,0x674df687581f4e4fdcf5b447e5b5af3332c992a4,,,2021-01-01 01:34:09.036777580,1,Transaction Limitation,dianxiang_sun,True
DX_401.0,ETH,0x6b0cd34cc2bd2a1630140402cd75c40a6e53539c,,,2021-01-01 22:01:28.266199648,1,Transaction Limitation,dianxiang_sun,True
DX_1820.0,ETH,0x72beb5237ba1bad56cb406ed946eec120f767cdb,,,2021-01-02 08:15:07.880910680,1,Transaction Limitation,dianxiang_sun,True
DX_2234.0,ETH,0xed55fb58ea9de1f484addcc970463218b4d89cfe,,,2021-01-02 18:28:47.495621716,1,Transaction Limitation,dianxiang_sun,True
Reef.finance (REEF),ETH,,,,2021-01-04 00:00:00.000000000,0,,tm_rugpull,
DX_2058.0,ETH,0x660ca6fe17a992b37c1897955630c56e61e492fb,,,2021-01-04 01:09:46.339754816,1,Transaction Limitation,dianxiang_sun,True
DX_75.0,ETH,0xce8fa7adf559e4ad0f9788b227d4911136b11c1c,,,2021-01-04 21:37:05.569176880,1,Fee,dianxiang_sun,True
DX_1054.0,ETH,0x8179a7c577df6c0e201cd0622bc04cb3d5df05ca,,,2021-01-04 21:37:05.569176880,1,Transaction Limitation,dianxiang_sun,True
DX_1648.0,ETH,0x7000c0c681693a2126377064db6e02ddad8b7286,,,2021-01-04 21:37:05.569176880,1,Transaction Limitation,dianxiang_sun,True
Bunny Token (BUNNY),BSC,,,,2021-01-05 00:00:00.000000000,0,,tm_rugpull,
DX_1375.0,ETH,0xb7c06096b7cf4622ae0da4ebc929649463c8692f,,,2021-01-05 07:50:45.183887916,1,Transaction Limitation,dianxiang_sun,True
DX_814.0,ETH,0x5d96ffa2a659c61b1d5676de5090736b8b9389b7,,,2021-01-05 18:04:24.798598948,1,Transaction Limitation,dianxiang_sun,True
Lido DAO Token (LDO),ETH,,,,2021-01-06 00:00:00.000000000,0,,tm_rugpull,
DX_588.0,ETH,0x69966589392389b36cff44c4f92ffe4609817421,,,2021-01-06 04:18:04.413309980,1,Transaction Limitation,dianxiang_sun,True
DX_482.0,ETH,0xe0ed41628fa610f525a989e847a0099f22bc7681,,,2021-01-06 14:31:44.028021016,1,Transaction Limitation,dianxiang_sun,True
DX_2352.0,ETH,0xc7e4a9147601fdbc7d1c2fb8b6c2ffcb2469f293,,,2021-01-06 14:31:44.028021016,1,Transaction Limitation,dianxiang_sun,True
DX_1304.0,ETH,0x25821e9b69ef4425a789c052522f2f0ad939fa80,,,2021-01-06 14:31:44.028021016,1,Transaction Limitation,dianxiang_sun,True
DX_586.0,ETH,0x821d29bdcaf35def4256296efa37b01fbb8c3a60,,,2021-01-07 10:59:03.257443080,1,Transaction Limitation,dianxiang_sun,True
DX_932.0,ETH,0x42949d91e420fcbe70095a87b1942d7f9ee8224e,,,2021-01-07 10:59:03.257443080,1,Transaction Limitation,dianxiang_sun,True
DX_820.0,ETH,0x771a95d0b2c0e6e5dbd8c519186454cf6c948da0,,,2021-01-07 21:12:42.872154116,1,Transaction Limitation,dianxiang_sun,True
DX_2119.0,ETH,0x62d5c4a317b93085697cfb1c775be4398df0678c,,,2021-01-08 07:26:22.486865148,1,Transaction Limitation,dianxiang_sun,True
DX_1534.0,ETH,0x890734ad9c14296c1527fc41393d403fd28eb601,,,2021-01-08 17:40:02.101576180,1,Transaction Limitation,dianxiang_sun,True
DX_655.0,ETH,0xf28a5a500a098c71df632b3f4d7fd2e16cecb82c,,,2021-01-08 17:40:02.101576180,1,Transaction Limitation,dianxiang_sun,True
DX_2204.0,ETH,0xd6bc92a0f5a2bc17207283679c5ddcc108fd3710,,,2021-01-09 14:07:21.330998248,1,Transaction Limitation,dianxiang_sun,True
DX_344.0,ETH,0xfc87d4f82fc5fe80a2d1692ffee872b2517c34c7,,,2021-01-10 10:34:40.560420312,1,Transaction Limitation,dianxiang_sun,True
DX_525.0,ETH,0x18a293a29bd8bade3f185abcf6b98d0ad285bc34,,,2021-01-10 10:34:40.560420312,1,Transaction Limitation,dianxiang_sun,True
RFbtc (RFbtc),ETH,,,,2021-01-11 00:00:00.000000000,1,,tm_rugpull,
CRP_66,Ethereum,0xF19308F923582A6f7c465e5CE7a9Dc1BEC6665B1,,,2021-01-11 07:01:59.789842380,0,,crpwarner,True
DX_2273.0,ETH,0xc5ce9c06a0caf0e4cbd90572b6550feafd69b740,,,2021-01-11 07:01:59.789842380,1,Transaction Limitation,dianxiang_sun,True
DX_1833.0,ETH,0x37fdf3376e2ed8da3db05296436a6d85a0c38e8d,,,2021-01-11 07:01:59.789842380,1,Transaction Limitation,dianxiang_sun,True
DX_450.0,ETH,0xb3970a959a727a38cfc0b2f913b4d83b60ad51b5,,,2021-01-11 17:15:39.404553412,1,Transaction Limitation,dianxiang_sun,True
D4ppdao Token (D4PP),ETH,,,,2021-01-13 00:00:00.000000000,1,,tm_rugpull,
DX_192.0,ETH,0xf49c17470ecc377a59de71eab8dcb5e78b5cb670,,,2021-01-13 10:10:17.863397548,1,Fee,dianxiang_sun,True
DX_1500.0,ETH,0x2fcf8f4878d1a369052d296892c22944d8c9893c,,,2021-01-14 16:51:16.707530648,1,Transaction Limitation,dianxiang_sun,True
DX_52.0,ETH,0x228fb8d52623f7d948659883664a0618e3c71669,,,2021-01-15 03:04:56.322241680,1,Fee,dianxiang_sun,True
DX_1837.0,ETH,0x0291654a966388ea915dbeab1c10d6cb22723aa2,,,2021-01-15 03:04:56.322241680,1,Transaction Limitation,dianxiang_sun,True
DX_1760.0,ETH,0xd91203ab5bb40ab4389126e757bf80c40aa9e455,,,2021-01-15 13:18:35.936952712,1,Transaction Limitation,dianxiang_sun,True
DX_235.0,BSC,0x8883fa1d06b1653b08557f90f19c92b86c382cfb,,,2021-01-15 23:32:15.551663748,1,Token Generation,dianxiang_sun,True
xDEF Finance (xDEF2),ETH,,,,2021-01-16 00:00:00.000000000,1,,tm_rugpull,
xDEF Finance (xDEF2),ETH,,,,2021-01-16 00:00:00.000000000,1,,tm_rugpull,
DX_1578.0,ETH,0x053af07eb456ef11fcbea1209b218a732b1f25ba,,,2021-01-16 19:59:34.781085812,1,Transaction Limitation,dianxiang_sun,True
DX_1799.0,ETH,0x5ff91ac0b61f262ffd2d9c255c0eb9a23517ab52,,,2021-01-16 19:59:34.781085812,1,Transaction Limitation,dianxiang_sun,True
DX_338.0,ETH,0xe4ffee3b33360e21ea2aec37a39901cb720eb84c,,,2021-01-16 19:59:34.781085812,1,Transaction Limitation,dianxiang_sun,True
DX_1905.0,ETH,0x8acc7cda0eb84543e90b06c189669866b025dbd0,,,2021-01-17 06:13:14.395796848,1,Transaction Limitation,dianxiang_sun,True
DX_924.0,ETH,0x20bfa96109872c985a26d651da85899a125cd1f7,,,2021-01-17 06:13:14.395796848,1,Transaction Limitation,dianxiang_sun,True
DX_164.0,ETH,0xfc36e8625aaecbcd5f38b02994c3a984a77280d5,,,2021-01-18 23:07:52.854640980,1,Fee,dianxiang_sun,True
DX_2308.0,ETH,0x3caf97b4d97276d75185aaf1dcf3a2a8755afe27,,,2021-01-18 23:07:52.854640980,1,Transaction Limitation,dianxiang_sun,True
DX_2259.0,ETH,0x0684a256b8a6434cf10ee81bc1bcdcbba3365daa,,,2021-01-19 09:21:32.469352012,1,Transaction Limitation,dianxiang_sun,True
DX_1262.0,ETH,0x84a58494b362da8f7423fb4fc1fdac8abd8bdcd5,,,2021-01-19 09:21:32.469352012,1,Transaction Limitation,dianxiang_sun,True
DX_612.0,ETH,0xa65216c601ff5f6bff914e561efe0ec8be5ad8b8,,,2021-01-19 19:35:12.084063044,1,Transaction Limitation,dianxiang_sun,True
DX_719.0,ETH,0x75b4729b39282d75e4fa28835912866ba2e514b1,,,2021-01-19 19:35:12.084063044,1,Transaction Limitation,dianxiang_sun,True
DX_471.0,ETH,0x18519cfb9c6876b2cdb39bf27200ddcd5e15b9df,,,2021-01-20 05:48:51.698774080,1,Transaction Limitation,dianxiang_sun,True
DX_961.0,ETH,0x861ade1f559b2e0b273e7d02fbef0b2e005ad9e7,,,2021-01-20 05:48:51.698774080,1,Transaction Limitation,dianxiang_sun,True
DX_1886.0,ETH,0x2bb03376575f56711b2f1ca8d84b1681eac93f79,,,2021-01-20 16:02:31.313485112,1,Transaction Limitation,dianxiang_sun,True
DX_1941.0,ETH,0x9901880dad72d5101818b678cd44d079b9842e9a,,,2021-01-21 02:16:10.928196144,1,Transaction Limitation,dianxiang_sun,True
DX_801.0,ETH,0x9cc97bb9f30df3c333a5b3fbd80bdabec52d4da8,,,2021-01-21 12:29:50.542907180,1,Transaction Limitation,dianxiang_sun,True
DX_730.0,ETH,0x653ca77972818a0a8588a2ebe11866bdc1593fb3,,,2021-01-21 22:43:30.157618212,1,Transaction Limitation,dianxiang_sun,True
BitberryToken (BBR),ETH,,,,2021-01-22 00:00:00.000000000,0,,tm_rugpull,
DX_318.0,ETH,0x4689a4e169eb39cc9078c0940e21ff1aa8a39b9c,,,2021-01-22 08:57:09.772329244,1,Transaction Limitation,dianxiang_sun,True
DX_217.0,BSC,0x14ac066ac2CD24CBdE31f78659c11F13aB61E4e7,,,2021-01-22 19:10:49.387040280,1,LP Drain,dianxiang_sun,True
Cryptocurrency Top 10 Tokens Index (CC10),ETH,,,,2021-01-23 00:00:00.000000000,0,,tm_rugpull,
DX_423.0,ETH,0x1adb2162d1f66aab6aec6e567838e0b0720a912d,,,2021-01-23 05:24:29.001751312,1,Transaction Limitation,dianxiang_sun,True
Power Index Pool Token (PIPT),ETH,,,,2021-01-24 00:00:00.000000000,0,,tm_rugpull,
DX_882.0,ETH,0xaf86b3c8506a83a0097a1b4b5aadbdb900834f98,,,2021-01-24 12:05:27.845884412,1,Transaction Limitation,dianxiang_sun,True
DX_114.0,ETH,0x0399cfea5f0602dff75e7aa670e1f351b98ee763,,,2021-01-24 12:05:27.845884412,1,Fee,dianxiang_sun,True
DX_249.0,BSC,0xa4Ee4E71598137bf60954344F50f7E2b6D884086,,,2021-01-24 22:19:07.460595444,1,Token Generation,dianxiang_sun,True
DX_426.0,ETH,0x30fa0023b924ed46325f14258e9d1c894ae133ef,,,2021-01-24 22:19:07.460595444,1,Transaction Limitation,dianxiang_sun,True
DX_1336.0,ETH,0x1960d994bf7d8ca5d088e94b4653fcb6d03c63d6,,,2021-01-26 05:00:06.304728544,1,Transaction Limitation,dianxiang_sun,True
DX_2145.0,ETH,0xa0174f796d3b901adaa16cfbb589330462be0329,,,2021-01-26 15:13:45.919439580,1,Transaction Limitation,dianxiang_sun,True
DX_556.0,ETH,0x3cce4db960f037fb097ee8e8881bf6f9667515a4,,,2021-01-26 15:13:45.919439580,1,Transaction Limitation,dianxiang_sun,True
STAKEDAO (STAKEDAO),ETH,,,,2021-01-27 00:00:00.000000000,1,,tm_rugpull,
XSTABLE.PROTOCOL (XST),ETH,,,,2021-01-28 00:00:00.000000000,1,,tm_rugpull,
PolkaBridge (PBR),ETH,,,,2021-01-28 00:00:00.000000000,0,,tm_rugpull,
DX_948.0,ETH,0xb0d04dc60f5470f8056ac7e0895b9184d9b46e09,,,2021-01-28 08:08:24.378283712,1,Transaction Limitation,dianxiang_sun,True
PAID Network (PAID),BSC,,,,2021-01-29 00:00:00.000000000,1,,tm_rugpull,
DX_443.0,ETH,0xc9b0e131ffb45bf064d0648d55cda71d9ae76b27,,,2021-01-30 11:16:42.451838876,1,Transaction Limitation,dianxiang_sun,True
DX_509.0,ETH,0x3c12d2e11fde14f6a7e6adb0768f34b969856331,,,2021-01-30 11:16:42.451838876,1,Transaction Limitation,dianxiang_sun,True
DX_1267.0,ETH,0xb87e28175c3d0ddff479b3680f794d333d4a13ce,,,2021-01-31 07:44:01.681260944,1,Transaction Limitation,dianxiang_sun,True
DX_629.0,ETH,0x32191c6a87987d1a6b2895083cf63f9c2a97faf8,,,2021-01-31 17:57:41.295971976,1,Transaction Limitation,dianxiang_sun,True
DX_412.0,ETH,0x38ebc46809fafa3e7700c84ac7ec6368fc573819,,,2021-01-31 17:57:41.295971976,1,Transaction Limitation,dianxiang_sun,True
DX_1638.0,ETH,0xb3247efd29d89247151d78c3ddafd0ace2e2928f,,,2021-02-01 14:25:00.525394044,1,Transaction Limitation,dianxiang_sun,True
DX_2170.0,ETH,0x5b2028602af2693d50b4157f4acf84d632ec8208,,,2021-02-01 14:25:00.525394044,1,Transaction Limitation,dianxiang_sun,True
Wrapped Flow (WFLOW),ETH,,,,2021-02-02 00:00:00.000000000,0,,tm_rugpull,
DX_709.0,ETH,0x3c42a8b73d6100c097d3025279d3f2b89a20e15e,,,2021-02-02 10:52:19.754816112,1,Transaction Limitation,dianxiang_sun,True
DX_900.0,ETH,0xe787c26e73999d0e65af94b9af67486da7cb176c,,,2021-02-02 10:52:19.754816112,1,Transaction Limitation,dianxiang_sun,True
DX_1192.0,ETH,0x3e2275a5c792106c80e5fc079b98881c9d2e002b,,,2021-02-02 21:05:59.369527144,1,Transaction Limitation,dianxiang_sun,True
Gladius (GLA),ETH,,,,2021-02-03 00:00:00.000000000,1,,tm_rugpull,
Lido Staked Ether (STETH),ETH,,,,2021-02-03 00:00:00.000000000,0,,tm_rugpull,
DX_1752.0,ETH,0x0daaeae945c28056e2cf47754d0de9a303e54cd4,,,2021-02-04 03:46:58.213660244,1,Transaction Limitation,dianxiang_sun,True
DX_1707.0,ETH,0x1e542747d716dd531b9fca013616143337c25a21,,,2021-02-04 14:00:37.828371276,1,Transaction Limitation,dianxiang_sun,True
reflect3.finance (RFIII),ETH,,,,2021-02-05 00:00:00.000000000,1,,tm_rugpull,
DX_1786.0,ETH,0x7a250d563e05712d1915df309a824baf3f0ed249,,,2021-02-05 00:14:17.443082312,1,Transaction Limitation,dianxiang_sun,True
DX_641.0,ETH,0xe10f03877804c8f4d9dd69e9f2078da6cd11d0b1,,,2021-02-05 00:14:17.443082312,1,Transaction Limitation,dianxiang_sun,True
CRP_34,Ethereum,0x42269AC712372AC89A158ad5a32806c6b6782d66,,,2021-02-06 06:55:16.287215412,1,,crpwarner,True
DX_1518.0,ETH,0x17cdfe159c3915df8fc89fc9cbee7680fa0106d9,,,2021-02-07 03:22:35.516637476,1,Transaction Limitation,dianxiang_sun,True
DX_485.0,ETH,0x98ee684bf72af47e5c15f2019e4e4b541cb3d627,,,2021-02-07 13:36:15.131348508,1,Transaction Limitation,dianxiang_sun,True
DX_453.0,ETH,0xecc88889390a7d95144ddbe00f1690508b79c17d,,,2021-02-08 10:03:34.360770576,1,Transaction Limitation,dianxiang_sun,True
SafePal Token (SFP),BSC,,,,2021-02-09 00:00:00.000000000,0,,tm_rugpull,
DX_2085.0,ETH,0x37541ebf8b4e25d36fbaa9b4c4eaad8c06314d6f,,,2021-02-09 06:30:53.590192644,1,Transaction Limitation,dianxiang_sun,True
DX_2033.0,ETH,0x5144d9e89faae4edee1f76d6f9a5d3f6f82d40c9,,,2021-02-09 16:44:33.204903676,1,Transaction Limitation,dianxiang_sun,True
DX_569.0,ETH,0xfa4904a800cf389ea4b0ab71a75dd8fd672466bf,,,2021-02-09 16:44:33.204903676,1,Transaction Limitation,dianxiang_sun,True
DAO Maker (DAO),ETH,,,,2021-02-10 00:00:00.000000000,0,,tm_rugpull,
DX_2240.0,ETH,0x137e531680b5d1f5645cd73a450323f1645d5034,,,2021-02-10 23:25:32.049036776,1,Transaction Limitation,dianxiang_sun,True
DX_1104.0,ETH,0x8a0b9f3835af5abf2a2a421ae4b012b80e0f925a,,,2021-02-10 23:25:32.049036776,1,Transaction Limitation,dianxiang_sun,True
DX_1731.0,ETH,0x7be504430fbdcba3a59d6e7034543e3b8492989b,,,2021-02-13 02:33:50.122591944,1,Transaction Limitation,dianxiang_sun,True
DX_582.0,ETH,0xc19f837a02991a01f7456503ab28a19b64f17607,,,2021-02-13 02:33:50.122591944,1,Transaction Limitation,dianxiang_sun,True
Deri (DERI),ETH,,,,2021-02-14 00:00:00.000000000,0,,tm_rugpull,
DX_463.0,ETH,0xf631ab67e5b012b208db6db2fb048f5767ce5281,,,2021-02-14 19:28:28.581436076,1,Transaction Limitation,dianxiang_sun,True
Umbrella (UMB),ETH,,,,2021-02-15 00:00:00.000000000,0,,tm_rugpull,
Quickswap (QUICK),ETH,,,,2021-02-16 00:00:00.000000000,0,,tm_rugpull,
DX_1329.0,ETH,0xe730b68a661376f056f18f2a9f53eea546dd96e6,,,2021-02-16 02:09:27.425569176,1,Transaction Limitation,dianxiang_sun,True
VesperToken (VSP),ETH,,,,2021-02-17 00:00:00.000000000,0,,tm_rugpull,
DX_242.0,BSC,0x9B1188e01B45a283CdE53888ED1558FB6f9ae692,,,2021-02-17 08:50:26.269702276,1,Token Generation,dianxiang_sun,True
DX_480.0,ETH,0x3e19c4d8e826b2a35158cbd1eba15c5b4a8f34d9,,,2021-02-18 05:17:45.499124340,1,Transaction Limitation,dianxiang_sun,True
DX_64.0,ETH,0xf1a355a72e7e90a0de8b1f28e50079361cb4a620,,,2021-02-18 05:17:45.499124340,1,Fee,dianxiang_sun,True
DX_358.0,ETH,0x46bf6e3e2d51bc587de0e2121748fd15dec991d1,,,2021-02-19 01:45:04.728546408,1,Transaction Limitation,dianxiang_sun,True
DX_1047.0,ETH,0x3a110d8bf7979f2e35a62c65970bc329425b1714,,,2021-02-19 11:58:44.343257440,1,Transaction Limitation,dianxiang_sun,True
DX_560.0,ETH,0x9e52501d73a1cc7afbc45862b636955087d90d51,,,2021-02-19 22:12:23.957968476,1,Transaction Limitation,dianxiang_sun,True
DX_2199.0,ETH,0xd2018bfaa266a9ec0a1a84b061640faa009def76,,,2021-02-19 22:12:23.957968476,1,Transaction Limitation,dianxiang_sun,True
DX_2190.0,ETH,0xf1aab4171ceb49b6a276975347e3c1d4d5650e5a,,,2021-02-19 22:12:23.957968476,1,Transaction Limitation,dianxiang_sun,True
DX_1137.0,ETH,0xf4be5321406d310d04ac4918dd50d9adc9cbeabc,,,2021-02-19 22:12:23.957968476,1,Transaction Limitation,dianxiang_sun,True
DX_1792.0,ETH,0x63a237972fcce946e8c4e05baa20f2cb5f3cca6e,,,2021-02-21 04:53:22.802101576,1,Transaction Limitation,dianxiang_sun,True
DX_921.0,ETH,0x39b8523fa094b0dc045e2c3e5dff34b3f2ca6220,,,2021-02-21 04:53:22.802101576,1,Transaction Limitation,dianxiang_sun,True
DX_1969.0,ETH,0xaa3308cabf0a39b432e310303e7f388b8eb41b9c,,,2021-02-21 15:07:02.416812608,1,Transaction Limitation,dianxiang_sun,True
DX_300.0,ETH,0x9e7ce36dbd1a9a6c6e80d08e38077745855edd3a,,,2021-02-21 15:07:02.416812608,1,Transaction Limitation,dianxiang_sun,True
DX_2107.0,ETH,0xfb6e71e0800bccc0db8a9cf326fe3213ca1a0ea0,,,2021-02-22 01:20:42.031523640,1,Transaction Limitation,dianxiang_sun,True
DX_335.0,ETH,0xdaf24bc5f10f77fa6dc07e367f7c3303ba781fd5,,,2021-02-22 11:34:21.646234672,1,Transaction Limitation,dianxiang_sun,True
DX_1813.0,ETH,0x615c052ba1277ad49bed5a596f33a751bffdc104,,,2021-02-22 11:34:21.646234672,1,Transaction Limitation,dianxiang_sun,True
DX_151.0,ETH,0x60ca5347e2f1e461d1c19b2588822195e54bc58b,,,2021-02-22 21:48:01.260945704,1,Fee,dianxiang_sun,True
DX_1900.0,ETH,0x1a74d49c809df35e60a9d0be2afe7767075cf532,,,2021-02-22 21:48:01.260945704,1,Transaction Limitation,dianxiang_sun,True
The Force Token (FOR),ETH,,,,2021-02-23 00:00:00.000000000,0,,tm_rugpull,
Cake Lock (LOCK),BSC,,,,2021-02-23 00:00:00.000000000,1,,tm_rugpull,
DX_2256.0,ETH,0xc77081641129a028d622f85671ea172ac5595938,,,2021-02-23 08:01:40.875656744,1,Transaction Limitation,dianxiang_sun,True
DX_538.0,ETH,0x3baf5ad61660ac3406a5ac1ca0be869535ef0ed2,,,2021-02-23 08:01:40.875656744,1,Transaction Limitation,dianxiang_sun,True
DX_1744.0,ETH,0x19447e4100734eef2af7f52ad175a449027ee1b2,,,2021-02-24 04:29:00.105078808,1,Transaction Limitation,dianxiang_sun,True
DX_1250.0,ETH,0x417af645e8f1f67659812bd04406304b1c29448d,,,2021-02-24 14:42:39.719789840,1,Transaction Limitation,dianxiang_sun,True
xToken (XTK),ETH,,,,2021-02-25 00:00:00.000000000,0,,tm_rugpull,
DX_1586.0,ETH,0x78e1d2093800d56dad1cd0dbf1113304f1996751,,,2021-02-25 00:56:19.334500872,1,Transaction Limitation,dianxiang_sun,True
DX_553.0,ETH,0x4f6855a06b741bf53f5307bf78404cba9a4df221,,,2021-02-25 11:09:58.949211904,1,Transaction Limitation,dianxiang_sun,True
DX_1943.0,ETH,0xef954b6552919786b10350f5e8e48fdb9f735ac0,,,2021-02-25 21:23:38.563922944,1,Transaction Limitation,dianxiang_sun,True
DX_1879.0,ETH,0x728b424a19669821aa83783f5417def416be11e3,,,2021-02-27 04:04:37.408056040,1,Transaction Limitation,dianxiang_sun,True
Polka City (POLC),ETH,,,,2021-02-28 00:00:00.000000000,0,,tm_rugpull,
DX_2154.0,ETH,0x0bcccba050c2ce6439c57bd203378b113cc3cfd6,,,2021-02-28 10:45:36.252189144,1,Transaction Limitation,dianxiang_sun,True
Polkamarkets (POLK),ETH,,,,2021-03-01 00:00:00.000000000,0,,tm_rugpull,
DX_187.0,ETH,0xb3657f4738e0cc432a070880a6c81dfc6d2fae64,,,2021-03-01 17:26:35.096322240,1,Fee,dianxiang_sun,True
DX_1526.0,ETH,0x34cc8427a8191b119b9be2ed5f08e14119046c10,,,2021-03-01 17:26:35.096322240,1,Transaction Limitation,dianxiang_sun,True
Goose Inu ($DGOSE),ETH,,,,2021-03-02 00:00:00.000000000,1,,tm_rugpull,
TOWER (TOWER),ETH,,,,2021-03-02 00:00:00.000000000,0,,tm_rugpull,
DX_571.0,ETH,0x2d6de6a368959c60fa368318514eed92ff2c92e5,,,2021-03-02 13:53:54.325744304,1,Transaction Limitation,dianxiang_sun,True
DX_1834.0,ETH,0xcbb64d75d3c55a3558dc3fbf86e68d88e5117cc7,,,2021-03-03 10:21:13.555166376,1,Transaction Limitation,dianxiang_sun,True
DX_2118.0,ETH,0xd518db222f37f9109db8e86e2789186c7e340f12,,,2021-03-04 06:48:32.784588440,1,Transaction Limitation,dianxiang_sun,True
DX_1036.0,ETH,0xc0a3ee273ad855fdcd96db5895f678e8d86ed160,,,2021-03-04 17:02:12.399299472,1,Transaction Limitation,dianxiang_sun,True
DX_1452.0,ETH,0x5c4e88ca6e4c7df37a9ebc5650eec6ceedbaafb5,,,2021-03-05 23:43:11.243432576,1,Transaction Limitation,dianxiang_sun,True
DX_2113.0,ETH,0xb93430ce38ac4a6bb47fb1fc085ea669353fd89e,,,2021-03-07 16:37:49.702276704,1,Transaction Limitation,dianxiang_sun,True
GoBlank Token (BLANK),ETH,,,,2021-03-08 00:00:00.000000000,0,,tm_rugpull,
DX_516.0,ETH,0x3121acb3fe27971b67ef2a8f70ca4b8a97498f8f,,,2021-03-08 23:18:48.546409808,1,Transaction Limitation,dianxiang_sun,True
DX_1426.0,ETH,0x3c1e10048f5699dcf05fc3c5620cedc376874d7a,,,2021-03-08 23:18:48.546409808,1,Transaction Limitation,dianxiang_sun,True
AlpacaToken (ALPACA),BSC,,,,2021-03-10 00:00:00.000000000,0,,tm_rugpull,
DX_1157.0,ETH,0x988f7bbe6848fb7e429f18e029d077a165910a01,,,2021-03-10 16:13:27.005253936,1,Transaction Limitation,dianxiang_sun,True
DX_1687.0,ETH,0x5f3c1828a1df9863ff4bdc1493ca41a69c82d993,,,2021-03-11 12:40:46.234676008,1,Transaction Limitation,dianxiang_sun,True
DX_45.0,ETH,0x16756EC1DEb89A2106C35E0B586a799D0A61837D,,,2021-03-11 22:54:25.849387040,1,External Call,dianxiang_sun,True
DX_2182.0,ETH,0x9168fdc9f9db7b71865fe4bfd6f78b3610ebc704,,,2021-03-11 22:54:25.849387040,1,Transaction Limitation,dianxiang_sun,True
DX_1939.0,ETH,0x3a02498d170b4643c384cc05ac3d2a419bd42e25,,,2021-03-12 19:21:45.078809104,1,Transaction Limitation,dianxiang_sun,True
DX_1395.0,ETH,0x2049a5a868492a5bd50935f8a17ded9e80ddff4f,,,2021-03-12 19:21:45.078809104,1,Transaction Limitation,dianxiang_sun,True
DX_1966.0,ETH,0x967286410e7052b1e86853ef4ec6322dd45a3d59,,,2021-03-14 12:16:23.537653240,1,Transaction Limitation,dianxiang_sun,True
DX_1275.0,ETH,0xffcb27092c88458ae2a1fa0c69eb92eaf7aa064d,,,2021-03-14 22:30:03.152364272,1,Transaction Limitation,dianxiang_sun,True
DX_1527.0,ETH,0x1e7c660d4934aba3a1c523ea1b71e35ae4d6e5c0,,,2021-03-16 05:11:01.996497368,1,Transaction Limitation,dianxiang_sun,True
DX_803.0,ETH,0x1bd8142a6d18d4d0ef345b6816abf591baaa200f,,,2021-03-16 05:11:01.996497368,1,Transaction Limitation,dianxiang_sun,True
DX_1925.0,ETH,0x1cd7e2539b0edfb0f487be2536f874830a44333d,,,2021-03-16 05:11:01.996497368,1,Transaction Limitation,dianxiang_sun,True
DX_643.0,ETH,0x25932356b9d368bae700c3df450e43487f007d54,,,2021-03-16 05:11:01.996497368,1,Transaction Limitation,dianxiang_sun,True
DX_1591.0,ETH,0x01b12471f701eca76b583796cf3fd84e2ce6f8ff,,,2021-03-16 05:11:01.996497368,1,Transaction Limitation,dianxiang_sun,True
DeGate Token (DG),ETH,,,,2021-03-17 00:00:00.000000000,0,,tm_rugpull,
Neoteric (NTRC),BSC,,,,2021-03-17 00:00:00.000000000,1,,tm_rugpull,
DX_2070.0,ETH,0x61402cad3249386d52df06ba253e6266dfe40475,,,2021-03-17 01:38:21.225919440,1,Transaction Limitation,dianxiang_sun,True
DX_1239.0,ETH,0x6db6981383c1897764dea2c9cdc4fb85593a42a8,,,2021-03-17 22:05:40.455341504,1,Transaction Limitation,dianxiang_sun,True
DX_759.0,ETH,0xcb1ae2eaca4e8188ebfa23928e06f9f4c72f6796,,,2021-03-17 22:05:40.455341504,1,Transaction Limitation,dianxiang_sun,True
hoge.finance (HOGE),ETH,,,,2021-03-18 00:00:00.000000000,0,,tm_rugpull,
DX_1082.0,ETH,0xdd4164fc65eeed67fc547e01324a4076b0776980,,,2021-03-18 08:19:20.070052536,1,Transaction Limitation,dianxiang_sun,True
DX_2111.0,ETH,0xf5b1d75f4415f853fef2466a5ab8e412d593dd44,,,2021-03-18 08:19:20.070052536,1,Transaction Limitation,dianxiang_sun,True
DX_1096.0,ETH,0x5433c0a0c7969cc8d90810c4f333d372b71724c9,,,2021-03-18 18:32:59.684763568,1,Transaction Limitation,dianxiang_sun,True
DX_790.0,ETH,0x7840c9dde49af3e62063a198580ff3d6795b51ef,,,2021-03-18 18:32:59.684763568,1,Transaction Limitation,dianxiang_sun,True
DX_1711.0,ETH,0xe053f7b5513acab661c50a279cc86dccd91b4b9e,,,2021-03-19 04:46:39.299474608,1,Transaction Limitation,dianxiang_sun,True
DX_927.0,ETH,0xce2aa742a4a60330e6f50274238813380407fbeb,,,2021-03-20 01:13:58.528896672,1,Transaction Limitation,dianxiang_sun,True
Aurox Token (URUS),ETH,,,,2021-03-21 00:00:00.000000000,0,,tm_rugpull,
DX_2257.0,ETH,0x75041597d8f6e869092d78b9814b7bcdeeb393b4,,,2021-03-22 04:22:16.602451840,1,Transaction Limitation,dianxiang_sun,True
GraphLinq (GLQ),ETH,,,,2021-03-23 00:00:00.000000000,0,,tm_rugpull,
Bep Finance,BSC,,,,2021-03-24 00:00:00.000000000,1,,tm_rugpull,
DX_2139.0,ETH,0x4e73b32ed6c35f570686b89848e5f39f20ecc106,,,2021-03-24 17:44:14.290718040,1,Transaction Limitation,dianxiang_sun,True
Bridge (BRG),BSC,,,,2021-03-25 00:00:00.000000000,0,,tm_rugpull,
Convergence (CONV),ETH,,,,2021-03-26 00:00:00.000000000,0,,tm_rugpull,
DX_1141.0,ETH,0x5f43e76c9fee0de08eb088139eb7f9ac9c89d207,,,2021-03-26 00:25:13.134851136,1,Transaction Limitation,dianxiang_sun,True
Golden Token(GOLD),BSC,,,,2021-03-27 00:00:00.000000000,1,,tm_rugpull,
DX_1926.0,ETH,0x9b3bee1333df59b1ae79c5734a62896d9d6bc819,,,2021-03-27 07:06:11.978984240,1,Transaction Limitation,dianxiang_sun,True
DX_555.0,ETH,0xfaef9073bd288a0c9893c6d488bfa59d514d1e37,,,2021-03-27 17:19:51.593695272,1,Transaction Limitation,dianxiang_sun,True
XEND (XEND),ETH,,,,2021-03-28 00:00:00.000000000,0,,tm_rugpull,
Blind Boxes Token (BLES),ETH,,,,2021-03-28 00:00:00.000000000,0,,tm_rugpull,
Woonkly Power (WOOP),BSC,,,,2021-03-28 00:00:00.000000000,0,,tm_rugpull,
DX_1289.0,ETH,0x5f3d5f3cd36592abb51dbfbfdb3e7716eb30610d,,,2021-03-28 03:33:31.208406304,1,Transaction Limitation,dianxiang_sun,True
DX_1446.0,ETH,0xece1e7380a23670c9a91f72b3a44b5a3725e98b0,,,2021-03-28 13:47:10.823117336,1,Transaction Limitation,dianxiang_sun,True
DX_881.0,ETH,0xd8b4bb58e01b6f0817d47bf1035b092dc28683ba,,,2021-03-30 16:55:28.896672504,1,Transaction Limitation,dianxiang_sun,True
DX_1110.0,ETH,0x0af933bf337abeb0fc0c16ea452d22f890fdaf62,,,2021-03-31 03:09:08.511383536,1,Transaction Limitation,dianxiang_sun,True
DX_1992.0,ETH,0x93ae110c7ebad5ecc7bd52963a3641a3cc26fbe4,,,2021-04-01 09:50:07.355516632,1,Transaction Limitation,dianxiang_sun,True
DX_2181.0,ETH,0x849019a489c3c26c7a7668e468be81a4d132781f,,,2021-04-01 20:03:46.970227672,1,Transaction Limitation,dianxiang_sun,True
DX_1717.0,ETH,0xe054dd30026149b171b5349c19e4656acd70786a,,,2021-04-02 16:31:06.199649736,1,Transaction Limitation,dianxiang_sun,True
DX_1701.0,ETH,0xe4b12a2c7877a4b6cfe0557cf13d3d3a4f5c9380,,,2021-04-02 16:31:06.199649736,1,Transaction Limitation,dianxiang_sun,True
PenginFinance Token (PENGIN),BSC,,,,2021-04-03 00:00:00.000000000,1,,tm_rugpull,
Fei USD (FEI),ETH,,,,2021-04-03 00:00:00.000000000,0,,tm_rugpull,
SeedifyFund (SFUND),BSC,,,,2021-04-03 00:00:00.000000000,0,,tm_rugpull,
Illuvium (ILV),ETH,,,,2021-04-04 00:00:00.000000000,0,,tm_rugpull,
DX_715.0,ETH,0xd9b201d337cb0c8c17dce8e51a27d90266a357c3,,,2021-04-04 09:25:44.658493872,1,Transaction Limitation,dianxiang_sun,True
DX_1637.0,ETH,0x64d3aaf10907f19fb4ae00b828806899722b99a1,,,2021-04-05 05:53:03.887915936,1,Transaction Limitation,dianxiang_sun,True
Compound USD Coin (cUSDC),ETH,,,,2021-04-06 00:00:00.000000000,0,,tm_rugpull,
Astronaut NFT (AST),BSC,,,,2021-04-06 00:00:00.000000000,1,,tm_rugpull,
Dark Matter (DARKM),ETH,,,,2021-04-07 00:00:00.000000000,1,,tm_rugpull,
DX_282.0,ETH,0x1a45a07a01e29174ea7d62ec50c84a44b571bac8,,,2021-04-07 19:15:01.576182136,1,Transaction Limitation,dianxiang_sun,True
DX_1723.0,ETH,0xd8eb25fb9c1e51ee1e52919a29c438608ea30ec4,,,2021-04-09 01:56:00.420315232,1,Transaction Limitation,dianxiang_sun,True
DX_2056.0,ETH,0x0de56da7b0fd0ad9f095ea5bf0656cac62a0fe2e,,,2021-04-09 12:09:40.035026272,1,Transaction Limitation,dianxiang_sun,True
DX_712.0,ETH,0x006fde2d7f23e0d52b3163150474602e5d141ddf,,,2021-04-09 12:09:40.035026272,1,Transaction Limitation,dianxiang_sun,True
DX_1095.0,ETH,0x84789b26db229ec68052e67b18933c763f7226f3,,,2021-04-09 22:23:19.649737304,1,Transaction Limitation,dianxiang_sun,True
Compound Ether (cETH),ETH,,,,2021-04-10 00:00:00.000000000,0,,tm_rugpull,
DX_554.0,ETH,0xf27c277fd39cc5ae9e18e88a6612588c2101924f,,,2021-04-10 18:50:38.879159368,1,Transaction Limitation,dianxiang_sun,True
GROOT.FINANCE (GRT),ETH,,,,2021-04-12 00:00:00.000000000,1,,tm_rugpull,
DX_514.0,ETH,0xb5e761c28b09ae956b9bbfea385d9e6f8056bc9b,,,2021-04-12 01:31:37.723292464,1,Transaction Limitation,dianxiang_sun,True
DX_768.0,ETH,0xdbe9807450ac6f058c168dc992b8d68113ced3aa,,,2021-04-12 11:45:17.338003504,1,Transaction Limitation,dianxiang_sun,True
GAMEE (GMEE),ETH,,,,2021-04-13 00:00:00.000000000,0,,tm_rugpull,
DX_1599.0,ETH,0xf91b0848e31a7c6f10be67259febc3d564bc5287,,,2021-04-13 08:12:36.567425568,1,Transaction Limitation,dianxiang_sun,True
DX_562.0,ETH,0xdf233adb100f98022489b20926deb2286583bd14,,,2021-04-13 08:12:36.567425568,1,Transaction Limitation,dianxiang_sun,True
DX_1428.0,ETH,0x05aa623656c7eb10a8e49b822d7eac50ab87634c,,,2021-04-14 14:53:35.411558664,1,Transaction Limitation,dianxiang_sun,True
DX_993.0,ETH,0x76fd1d2ebef1785eff41abd91a98f68b14dd3d24,,,2021-04-14 14:53:35.411558664,1,Transaction Limitation,dianxiang_sun,True
Boson Token (BOSON),ETH,,,,2021-04-15 00:00:00.000000000,0,,tm_rugpull,
DX_1555.0,ETH,0x4be07e849f0f6fe1543e25b4594d5515f2523071,,,2021-04-15 21:34:34.255691768,1,Transaction Limitation,dianxiang_sun,True
DX_2279.0,ETH,0x1fbf025ad94dde79f88732f79966a9a435f2772f,,,2021-04-15 21:34:34.255691768,1,Transaction Limitation,dianxiang_sun,True
ZigCoin (ZIG),ETH,,,,2021-04-16 00:00:00.000000000,0,,tm_rugpull,
Hotbit Token (HTB),ETH,,,,2021-04-16 00:00:00.000000000,0,,tm_rugpull,
DX_840.0,ETH,0xc51a16e0573c796a445bfda2ec33d9ab9151dfbd,,,2021-04-16 07:48:13.870402800,1,Transaction Limitation,dianxiang_sun,True
DX_772.0,ETH,0x7b994e04dc6210e0413a8950f006d66f2d294f36,,,2021-04-16 18:01:53.485113832,1,Transaction Limitation,dianxiang_sun,True
DX_288.0,ETH,0x3de1453931b1956611786ca520b30710c5b6ae3e,,,2021-04-17 04:15:33.099824864,1,Transaction Limitation,dianxiang_sun,True
DX_120.0,ETH,0xf724ca10825c07c8046cebae39c05bd0fe0ea74a,,,2021-04-17 04:15:33.099824864,1,Fee,dianxiang_sun,True
DX_1641.0,ETH,0xd042ef815e12d3564ecbb37117d1ea00c0905e36,,,2021-04-17 14:29:12.714535904,1,Transaction Limitation,dianxiang_sun,True
foxi.finance (FOXI),ETH,,,,2021-04-18 00:00:00.000000000,1,,tm_rugpull,
DX_1995.0,ETH,0xd1f7c3bb4eb27fbb291cd62468854e6db84933af,,,2021-04-18 00:42:52.329246936,1,Transaction Limitation,dianxiang_sun,True
EarnX (EarnX),BSC,,,,2021-04-19 00:00:00.000000000,0,,tm_rugpull,
PYR Token (PYR),ETH,,,,2021-04-19 00:00:00.000000000,0,,tm_rugpull,
DX_215.0,BSC,0xf99f2Aec50adFde23cc67aB6240168B0a59f1D30,,,2021-04-19 07:23:51.173380032,1,LP Drain,dianxiang_sun,True
DX_763.0,ETH,0x96c94fc5e8276746a0d0bc21b77a87c6ed44b524,,,2021-04-19 07:23:51.173380032,1,Transaction Limitation,dianxiang_sun,True
DX_1684.0,ETH,0x2502533e0fcb33ddfb0c2517b2480752a71ae878,,,2021-04-19 17:37:30.788091064,1,Transaction Limitation,dianxiang_sun,True
dHEDGE Top Index (DTOP),ETH,,,,2021-04-20 00:00:00.000000000,0,,tm_rugpull,
DX_1537.0,ETH,0xf31cdd92aeb9fb5c24bb3107ab4361d9d06341c6,,,2021-04-20 03:51:10.402802096,1,Transaction Limitation,dianxiang_sun,True
DX_2150.0,ETH,0xf4ac238121585456dee1096fed287f4d8906d519,,,2021-04-20 03:51:10.402802096,1,Transaction Limitation,dianxiang_sun,True
Hypernova (HNOVA),BSC,,,,2021-04-21 00:00:00.000000000,1,,tm_rugpull,
CRP_40,Ethereum,0xE1A0CE8B94c6A5E4791401086763d7bD0a6C18f5,,,2021-04-21 00:18:29.632224168,0,,crpwarner,True
DX_2183.0,ETH,0x96050da7c01bbd4891ed766720a5c1c79b824163,,,2021-04-21 10:32:09.246935200,1,Transaction Limitation,dianxiang_sun,True
MOON (MOON),BSC,,,,2021-04-22 00:00:00.000000000,1,,tm_rugpull,
Carillonium finance (CAROM),BSC,,,,2021-04-22 00:00:00.000000000,1,,tm_rugpull,
DX_1874.0,ETH,0xb5e209bb8a078cf57ec613e894363fbfb3cc5dcd,,,2021-04-22 06:59:28.476357264,1,Transaction Limitation,dianxiang_sun,True
DX_2298.0,ETH,0x6594ac0a2ba54885ff7d314eb27c9694cb25698b,,,2021-04-23 03:26:47.705779336,1,Transaction Limitation,dianxiang_sun,True
DX_112.0,ETH,0x5882a0ed80ca3dc839e58d10f022408c74c9890e,,,2021-04-24 20:21:26.164623464,1,Fee,dianxiang_sun,True
DX_1912.0,ETH,0x444fd826977d02a509c28d3cdfab853ac196199f,,,2021-04-25 06:35:05.779334496,1,Transaction Limitation,dianxiang_sun,True
CRP_45,Ethereum,0x4165084A6e5388ce53c9D9892f904a2712Dd943A,,,2021-04-25 06:35:05.779334496,1,,crpwarner,True
Space Doge(SpaceDoge),ETH,,,,2021-04-26 00:00:00.000000000,1,,tm_rugpull,
Ampleforth Governance (FORTH),ETH,,,,2021-04-26 00:00:00.000000000,0,,tm_rugpull,
Space Inu (SPACEINU),ETH,,,,2021-04-26 00:00:00.000000000,1,,tm_rugpull,
DX_2084.0,ETH,0x36f726e01cc85fdb0d998dfc442856379c569274,,,2021-04-26 03:02:25.008756568,1,Transaction Limitation,dianxiang_sun,True
DX_347.0,ETH,0x85ca6710d0f1d511d130f6935edda88acbd921bd,,,2021-04-26 13:16:04.623467600,1,Transaction Limitation,dianxiang_sun,True
HORD Token (HORD),ETH,,,,2021-04-27 00:00:00.000000000,0,,tm_rugpull,
DX_1899.0,ETH,0xb4e74b28b74cafdad07a7c2d016bd97e37cdd773,,,2021-04-27 09:43:23.852889664,1,Transaction Limitation,dianxiang_sun,True
BSCS Token (BSCS),BSC,,,,2021-04-29 00:00:00.000000000,0,,tm_rugpull,
DX_388.0,ETH,0x87a7712924ed990c588f3e45474831478da50a60,,,2021-04-29 02:38:02.311733800,1,Transaction Limitation,dianxiang_sun,True
DX_1860.0,ETH,0x5ef316b9e43743f5a8d2dd14e269002a0ceb9906,,,2021-04-29 12:51:41.926444832,1,Transaction Limitation,dianxiang_sun,True
DX_1614.0,ETH,0x7880f5b7a75a7175da2ee34d16c9c288d2e20f1d,,,2021-04-29 23:05:21.541155864,1,Transaction Limitation,dianxiang_sun,True
MEMEPAD (MEMEPAD),ETH,,,,2021-04-30 00:00:00.000000000,1,,tm_rugpull,
CompliFi (COMFI),ETH,,,,2021-04-30 00:00:00.000000000,0,,tm_rugpull,
Altura (ALU),ETH,,,,2021-04-30 00:00:00.000000000,0,,tm_rugpull,
Kishu Inu (KISHU),ETH,,,,2021-05-01 00:00:00.000000000,0,,tm_rugpull,
DX_758.0,ETH,0xb187720016a1ef38b0eb78f761944a6a6f687ea9,,,2021-05-01 16:00:00.000000000,1,Transaction Limitation,dianxiang_sun,True
Lympo Market Token (LMT),ETH,,,,2021-05-02 00:00:00.000000000,0,,tm_rugpull,
WaultSwap (WEX),ETH,,,,2021-05-02 00:00:00.000000000,0,,tm_rugpull,
SafeMoonCash (SAFEMOONCASH),BSC,,,,2021-05-02 00:00:00.000000000,0,,tm_rugpull,
DX_170.0,ETH,0x777ffaa7ea9decfcaca5c59973491300c6f5716f,,,2021-05-02 02:13:39.614711032,1,Fee,dianxiang_sun,True
CRP_28,Ethereum,0x1250b98CBDe9F99f4c42dCdaCeE193221f17eb50,,,2021-05-02 22:40:58.844133096,1,,crpwarner,True
DX_1303.0,ETH,0x97fb06c01335de24dfd6f45f16dfae01d4104ee4,,,2021-05-03 08:54:38.458844128,1,Transaction Limitation,dianxiang_sun,True
Pendle (PENDLE),ETH,,,,2021-05-04 00:00:00.000000000,0,,tm_rugpull,
DX_1186.0,ETH,0xffa8adac294413a470287c2cd54ab8d5b80c9d4b,,,2021-05-05 01:49:16.917688264,1,Transaction Limitation,dianxiang_sun,True
DX_191.0,ETH,0x71628b84571d4f29adcf747f393a0695c9c46f2f,,,2021-05-05 01:49:16.917688264,1,Fee,dianxiang_sun,True
DX_1965.0,ETH,0x3a3a3b8812b0df660106531348452eb1b27f9805,,,2021-05-05 12:02:56.532399296,1,Transaction Limitation,dianxiang_sun,True
Maple Token (MPL),ETH,,,,2021-05-06 00:00:00.000000000,0,,tm_rugpull,
DX_1808.0,ETH,0x8174b08697022e4506849fdce66cd54fb5401727,,,2021-05-06 18:43:55.376532400,1,Transaction Limitation,dianxiang_sun,True
DX_1851.0,ETH,0x80270d569a0a0b23f7e0c9f1dfcf471a87d22678,,,2021-05-06 18:43:55.376532400,1,Transaction Limitation,dianxiang_sun,True
DX_1288.0,ETH,0x59351df3456ccf06e385569fb85eba6a77c30131,,,2021-05-07 15:11:14.605954464,1,Transaction Limitation,dianxiang_sun,True
HappyCoin (HAPPY),BSC,,,,2021-05-08 00:00:00.000000000,0,,tm_rugpull,
TWERK (TWERK),ETH,,,,2021-05-08 00:00:00.000000000,1,,tm_rugpull,
DX_2208.0,ETH,0xaa3a6f5bddd02a08c8651f7e285e2bec33ea5e53,,,2021-05-08 01:24:54.220665496,1,Transaction Limitation,dianxiang_sun,True
DX_2043.0,ETH,0x84e390103532efcf7f82c5b7d59fcf263b86e733,,,2021-05-08 01:24:54.220665496,1,Transaction Limitation,dianxiang_sun,True
DX_1961.0,ETH,0xa6f775597b4ff62559cd71a9744601aa48e7f9a0,,,2021-05-08 11:38:33.835376528,1,Transaction Limitation,dianxiang_sun,True
DX_1959.0,ETH,0x3f914ae10b2a98685df53ef1005fd368b9eee008,,,2021-05-09 08:05:53.064798600,1,Transaction Limitation,dianxiang_sun,True
DX_1458.0,ETH,0x23a4bf5390f0b29e14d3bb2f6a3eaf42c3d980df,,,2021-05-10 04:33:12.294220664,1,Transaction Limitation,dianxiang_sun,True
DX_1367.0,ETH,0xe460f3e0adc58357ea5e3ac1d839611dee826354,,,2021-05-10 14:46:51.908931696,1,Transaction Limitation,dianxiang_sun,True
AQUA (AQUA),BSC,,,,2021-05-11 00:00:00.000000000,1,,tm_rugpull,
Ispolink Token (ISP),ETH,,,,2021-05-11 00:00:00.000000000,0,,tm_rugpull,
DX_1479.0,ETH,0x528ff33bf5bf96b5392c10bc4748d9e9fb5386b2,,,2021-05-11 01:00:31.523642728,1,Transaction Limitation,dianxiang_sun,True
DX_2343.0,ETH,0x3bafb3af16203c817ee9208c6b8a748398dae689,,,2021-05-11 11:14:11.138353760,1,Transaction Limitation,dianxiang_sun,True
DX_481.0,ETH,0xd07e9b3f5d8c63122789b72a3788551c6033b678,,,2021-05-11 21:27:50.753064800,1,Transaction Limitation,dianxiang_sun,True
Anonymus Inu (ANU),ETH,,,,2021-05-12 00:00:00.000000000,1,,tm_rugpull,
DX_635.0,ETH,0x5454f57a4fc2a4aa642298d0c4f379013f803157,,,2021-05-12 07:41:30.367775832,1,Transaction Limitation,dianxiang_sun,True
DX_1182.0,ETH,0x26eb2f9ce844461852e9aa55727c99ac5a7ffd24,,,2021-05-12 17:55:09.982486864,1,Transaction Limitation,dianxiang_sun,True
DX_1873.0,ETH,0x1144edea5b3e403469d920006e061b501a845804,,,2021-05-13 14:22:29.211908928,1,Transaction Limitation,dianxiang_sun,True
Sunder Protocol (SUNDER),ETH,,,,2021-05-15 00:00:00.000000000,1,,tm_rugpull,
DX_1856.0,ETH,0x1a6710f18e7936b1f59b88331f3389b68f63da82,,,2021-05-15 07:17:07.670753064,1,Transaction Limitation,dianxiang_sun,True
DX_1344.0,ETH,0x1b0785866895940e229570c3e04c186e6b7b1024,,,2021-05-15 17:30:47.285464096,1,Transaction Limitation,dianxiang_sun,True
Elongate Deluxe (ELongD),ETH,,,,2021-05-16 00:00:00.000000000,1,,tm_rugpull,
O3 Swap Token (O3),ETH,,,,2021-05-16 00:00:00.000000000,0,,tm_rugpull,
DX_126.0,ETH,0x9875095d722bc131929381361a757906cec2d6b9,,,2021-05-16 03:44:26.900175128,1,Fee,dianxiang_sun,True
DX_632.0,ETH,0xec4d32e3e3374730e0cfe0330449d5c617d340f3,,,2021-05-16 03:44:26.900175128,1,Transaction Limitation,dianxiang_sun,True
DX_265.0,ETH,0x7d5902d64e4ed8c60f7c3e2ad1a0aaddd54a6e3f,,,2021-05-16 13:58:06.514886160,1,Token Generation,dianxiang_sun,True
AIREthereumMax INU (AIReMax),ETH,,,,2021-05-18 00:00:00.000000000,1,,tm_rugpull,
DX_1887.0,ETH,0xcb9a1969747bec55c4ff9474bc6da33117f81558,,,2021-05-18 06:52:44.973730296,1,Transaction Limitation,dianxiang_sun,True
DX_947.0,ETH,0xea92712da8e1904bb9da45a2265e0154c76a5f64,,,2021-05-19 03:20:04.203152360,1,Transaction Limitation,dianxiang_sun,True
DX_289.0,ETH,0x4f741424b57d12f2e7b51d7dfe17584d90cc3f88,,,2021-05-19 13:33:43.817863392,1,Transaction Limitation,dianxiang_sun,True
DX_355.0,ETH,0x17d30c85376bc2c39edc1da179162d308559a3c4,,,2021-05-19 23:47:23.432574432,1,Transaction Limitation,dianxiang_sun,True
EthereumMaX (eMax),ETH,,,,2021-05-20 00:00:00.000000000,1,,tm_rugpull,
Merlin Token (MERL),BSC,,,,2021-05-20 00:00:00.000000000,1,,tm_rugpull,
Convex Token (CVX),ETH,,,,2021-05-20 00:00:00.000000000,0,,tm_rugpull,
DX_1332.0,ETH,0x162dfa2502e67a6b477b91f0583caa47a4ac0662,,,2021-05-20 20:14:42.661996496,1,Transaction Limitation,dianxiang_sun,True
DX_1676.0,ETH,0x12510e575bd040c66bbc1d173ee289b9cb6dc392,,,2021-05-20 20:14:42.661996496,1,Transaction Limitation,dianxiang_sun,True
DX_1493.0,ETH,0xf0f7eb276e920c6c37a699c16316e70c75b3bad4,,,2021-05-21 16:42:01.891418560,1,Transaction Limitation,dianxiang_sun,True
DX_1868.0,ETH,0xc441c2d92b1b2fd3a266e6a8cf5bfb673b1abe15,,,2021-05-22 13:09:21.120840632,1,Transaction Limitation,dianxiang_sun,True
DX_1697.0,ETH,0xabc6c879de0cfa5d1dbfbca0baa05843508010a7,,,2021-05-22 13:09:21.120840632,1,Transaction Limitation,dianxiang_sun,True
GoMining Token (GMT),ETH,,,,2021-05-23 00:00:00.000000000,0,,tm_rugpull,
DX_998.0,ETH,0x7c9329c192ed90a9300932949b1c875135b1198d,,,2021-05-24 06:03:59.579684760,1,Transaction Limitation,dianxiang_sun,True
DX_1510.0,ETH,0x5fa6099b65408483f6fc64c0b0636561a979e228,,,2021-05-24 16:17:39.194395792,1,Transaction Limitation,dianxiang_sun,True
DX_1111.0,ETH,0x15638e37d21b784bf25e0d2abeb1382e559b0eba,,,2021-05-25 12:44:58.423817864,1,Transaction Limitation,dianxiang_sun,True
DX_2318.0,ETH,0x4bc53ead2ae82e0c723ee8e3d7bacfb1fafea1ce,,,2021-05-25 22:58:38.038528896,1,Transaction Limitation,dianxiang_sun,True
Little Mouse (MOUSE),BSC,,,,2021-05-26 00:00:00.000000000,1,,tm_rugpull,
Gitcoin (GTC),BSC,,,,2021-05-26 00:00:00.000000000,1,,tm_rugpull,
Hot Cross Token (HOTCROSS),ETH,,,,2021-05-26 00:00:00.000000000,0,,tm_rugpull,
DX_1174.0,ETH,0x4a6b42ea45459e1544bdb6bcaab6515c4f18e7ad,,,2021-05-26 09:12:17.653239928,1,Transaction Limitation,dianxiang_sun,True
DX_154.0,ETH,0xed3aab9b8386c653ed099b4a63fbe4d2d1fd95ad,,,2021-05-26 19:25:57.267950960,1,Fee,dianxiang_sun,True
NETVRK (NTVRK),ETH,,,,2021-05-27 00:00:00.000000000,0,,tm_rugpull,
DX_1609.0,ETH,0x2832b29fe5c579ee684c15facbcde8aefda792cd,,,2021-05-27 05:39:36.882661992,1,Transaction Limitation,dianxiang_sun,True
DX_1211.0,ETH,0x834460e25d4ee4a17955c2056b7b1fdfe35f1755,,,2021-05-27 15:53:16.497373024,1,Transaction Limitation,dianxiang_sun,True
DX_212.0,BSC,0x2b3559c3DBdB294cbb71f2B30a693F4C6be6132d,,,2021-05-28 02:06:56.112084064,1,Funds Manipulation,dianxiang_sun,True
DX_256.0,ETH,0xAdD1077851588300c8C7d0313e71F4D68E2414D6,,,2021-05-29 08:47:54.956217160,1,Token Generation,dianxiang_sun,True
Capsule Coin (CAPS),ETH,,,,2021-05-31 00:00:00.000000000,0,,tm_rugpull,
Moonwalk (MOONWALK),BSC,,,,2021-05-31 00:00:00.000000000,1,,tm_rugpull,
DX_277.0,BSC,0xbba18524CA3c6AA26306E5C402C0FEd72E62A6C3,,,2021-05-31 01:42:33.415061296,1,Transaction Limitation,dianxiang_sun,True
DX_1156.0,ETH,0x969e8b8d9848faa40ac93990f4a79cd74b15b464,,,2021-05-31 01:42:33.415061296,1,Transaction Limitation,dianxiang_sun,True
DX_247.0,BSC,0x5A752C9fE3520522eA88f37a41c3Ddd97c022c2F,,,2021-05-31 01:42:33.415061296,1,Token Generation,dianxiang_sun,True
DX_1306.0,ETH,0xc5249dc04bd3affdee3cd7d675bd8d0aac1b3ed2,,,2021-05-31 11:56:13.029772328,1,Transaction Limitation,dianxiang_sun,True
DX_1539.0,ETH,0xaf4a1046c019203a1a0951019b39c85aa931a4db,,,2021-05-31 22:09:52.644483360,1,Transaction Limitation,dianxiang_sun,True
Mina Protocol (MINA),BSC,,,,2021-06-01 00:00:00.000000000,1,,tm_rugpull,
DX_103.0,ETH,0x5a335fbede28c7c24406e369dcea7afa90247e1e,,,2021-06-02 04:50:51.488616464,1,Fee,dianxiang_sun,True
DX_1480.0,ETH,0x418f2483811d44b78dc1202235cc86e3a6e48ed7,,,2021-06-03 11:31:50.332749560,1,Transaction Limitation,dianxiang_sun,True
DX_687.0,ETH,0x4c28a5096e4776cd9f02249ce96939ca87f0b657,,,2021-06-05 04:26:28.791593696,1,Transaction Limitation,dianxiang_sun,True
DX_1725.0,ETH,0x341591210440f307829553f5e1971d66d4cbce7c,,,2021-06-05 04:26:28.791593696,1,Transaction Limitation,dianxiang_sun,True
DX_2233.0,ETH,0xaf531dc0b3b1151af48f3d638eeb6fe6acdfd59f,,,2021-06-06 00:53:48.021015760,1,Transaction Limitation,dianxiang_sun,True
DX_218.0,BSC,0xc84e1748376781C09703c1292D9dd659EBFc0c8b,,,2021-06-06 11:07:27.635726792,1,LP Drain,dianxiang_sun,True
DX_408.0,ETH,0x4946917e0491e13024820ec17980898792f24ec1,,,2021-06-06 21:21:07.250437824,1,Transaction Limitation,dianxiang_sun,True
Stonks Token ($STONKS),BSC,,,,2021-06-07 00:00:00.000000000,1,,tm_rugpull,
DX_2173.0,ETH,0x68563d2a5fc58f88db8140a981170989f001b746,,,2021-06-07 17:48:26.479859896,1,Transaction Limitation,dianxiang_sun,True
EDAO (EDAO),BSC,,,,2021-06-08 00:00:00.000000000,1,,tm_rugpull,
YAYO Coin (YAYO),POLYGON,,,,2021-06-08 00:00:00.000000000,1,,tm_rugpull,
DX_1504.0,ETH,0x4f111d9284ff53b0b8903434f20468148bbe9be7,,,2021-06-08 14:15:45.709281960,1,Transaction Limitation,dianxiang_sun,True
DX_1517.0,ETH,0x8b471803a85c6ca0030dc598ab9c55d259613ec4,,,2021-06-08 14:15:45.709281960,1,Transaction Limitation,dianxiang_sun,True
TOKAU (TOKAU),ETH,,,,2021-06-09 00:00:00.000000000,1,,tm_rugpull,
DX_1622.0,ETH,0xc63e6bccd96fc0a777524becc8ee1fa049bf81c5,,,2021-06-09 00:29:25.323992992,1,Transaction Limitation,dianxiang_sun,True
DX_177.0,ETH,0x7e6a4d8bf4ac3b9674d47ccdea387d67b3875787,,,2021-06-09 00:29:25.323992992,1,Fee,dianxiang_sun,True
DX_2066.0,ETH,0xe55335790e0a573b5a11b36a82e404d919de33f8,,,2021-06-09 20:56:44.553415056,1,Transaction Limitation,dianxiang_sun,True
Supreme Inu (SUPRINU),ETH,,,,2021-06-10 00:00:00.000000000,1,,tm_rugpull,
DX_9.0,BSC,0x448F861728F4Ed28914f42B4C8C0ff70b8bD637B,,,2021-06-10 07:10:24.168126096,1,Combination,dianxiang_sun,True
Lossless Token (LSS),ETH,,,,2021-06-11 00:00:00.000000000,0,,tm_rugpull,
Baby Doge Coin (BabyDoge),BSC,,,,2021-06-11 00:00:00.000000000,0,,tm_rugpull,
Green Swap (GRNS),ETH,,,,2021-06-11 00:00:00.000000000,1,,tm_rugpull,
Ethelon Finance (ETHELON),ETH,,,,2021-06-11 00:00:00.000000000,1,,tm_rugpull,
DiamondHands (DiamondHands),BSC,,,,2021-06-12 00:00:00.000000000,1,,tm_rugpull,
ANT (ANT),BSC,,,,2021-06-12 00:00:00.000000000,1,,tm_rugpull,
DX_20.0,ETH,0x93ed3fbe21207ec2e8f2d3c3de6e058cb73bc04d,,,2021-06-12 10:18:42.241681256,1,Destroy Token,dianxiang_sun,True
BabySwap Token (BABY),BSC,,,,2021-06-13 00:00:00.000000000,0,,tm_rugpull,
DX_942.0,ETH,0x33bc772e6c6f95f8c436f0c666fbdf315ebd88f9,,,2021-06-13 16:59:41.085814360,1,Transaction Limitation,dianxiang_sun,True
DX_301.0,ETH,0x9e96236e3203b0eebda0276b744a3932cc433f69,,,2021-06-14 03:13:20.700525392,1,Transaction Limitation,dianxiang_sun,True
Stratos Network (STOS),ETH,,,,2021-06-15 00:00:00.000000000,1,,tm_rugpull,
DX_1492.0,ETH,0x4a1b5846edb12ad45c78f2fe3799092d5be34cf2,,,2021-06-15 20:07:59.159369528,1,Transaction Limitation,dianxiang_sun,True
FoxSayfinance (FSY),ETH,,,,2021-06-16 00:00:00.000000000,1,,tm_rugpull,
DX_1347.0,ETH,0x68f3a4e312b427339e49210f27361b9da9cdfced,,,2021-06-16 06:21:38.774080560,1,Transaction Limitation,dianxiang_sun,True
DX_374.0,ETH,0x01f2acf2914860331c1cb1a9acecda7475e06af8,,,2021-06-16 06:21:38.774080560,1,Transaction Limitation,dianxiang_sun,True
DX_846.0,ETH,0x86715bd57b85f9a964747c32136e8e9739c5deb3,,,2021-06-16 16:35:18.388791592,1,Transaction Limitation,dianxiang_sun,True
ANT1GOON (GOON),ETH,,,,2021-06-17 00:00:00.000000000,1,,tm_rugpull,
iMe Lab (LIME),ETH,,,,2021-06-17 00:00:00.000000000,0,,tm_rugpull,
GABECOIN (GABECOIN),BSC,,,,2021-06-17 00:00:00.000000000,1,,tm_rugpull,
Oms (OMS),ETH,,,,2021-06-17 00:00:00.000000000,0,,tm_rugpull,
ToTheMoon(ARTEMIS),ETH,,,,2021-06-17 00:00:00.000000000,1,,tm_rugpull,
TravelCake (TVL),BSC,,,,2021-06-18 00:00:00.000000000,1,,tm_rugpull,
DX_1488.0,ETH,0xe2cdb9a1923b7c7339eb3366f5ce4dbbfb3aea0f,,,2021-06-18 09:29:56.847635728,1,Transaction Limitation,dianxiang_sun,True
HoDooi (HOD),ETH,,,,2021-06-19 00:00:00.000000000,1,,tm_rugpull,
Contribute.Protocol (CTB),ETH,,,,2021-06-19 00:00:00.000000000,1,,tm_rugpull,
DX_362.0,ETH,0x27054b13b1b798b345b591a4d22e6562d47ea75a,,,2021-06-19 05:57:16.077057792,1,Transaction Limitation,dianxiang_sun,True
DX_843.0,ETH,0x1d0806c2c8e69c7c10357ee1f010d1584e0213c2,,,2021-06-19 16:10:55.691768824,1,Transaction Limitation,dianxiang_sun,True
Uranus Token (URANUS),ETH,,,,2021-06-20 00:00:00.000000000,1,,tm_rugpull,
DX_604.0,ETH,0xa4aa166fddb71d9e24f4cf1c15af45ab5fe0033f,,,2021-06-20 02:24:35.306479856,1,Transaction Limitation,dianxiang_sun,True
DX_2148.0,ETH,0xd022969da8a1ace11e2974b3e7ee476c3f9f99c6,,,2021-06-20 12:38:14.921190888,1,Transaction Limitation,dianxiang_sun,True
DX_2186.0,ETH,0xb31820c1d84e183377030b6d3f0e1ee5c1cff643,,,2021-06-20 12:38:14.921190888,1,Transaction Limitation,dianxiang_sun,True
DX_230.0,BSC,0x920a7cbD0b5aeD31827385783E7Af245331cA9eE,,,2021-06-20 22:51:54.535901928,1,Token Distribution,dianxiang_sun,True
Volcano Money (VOL),ETH,,,,2021-06-21 00:00:00.000000000,1,,tm_rugpull,
FormationFi (FFI),BSC,,,,2021-06-23 00:00:00.000000000,1,,tm_rugpull,
DX_206.0,ETH,0xe935FAf8EeEeAC1FC4A15349244555c27C61f5c4,,,2021-06-24 08:41:11.453590192,1,Funds Manipulation,dianxiang_sun,True
DX_207.0,ETH,0x0d6a4F6B019Dd74eA24B4569bB19161f298Fd6dB,,,2021-06-25 15:22:10.297723288,1,Funds Manipulation,dianxiang_sun,True
CRP_25,Ethereum,0x9A3fB36bF72a387fCC821A38eE9F50f1A0eb8Cbd,,,2021-06-25 15:22:10.297723288,1,,crpwarner,True
DX_1090.0,ETH,0xb43b289f36aee954e0fd3bf81b439a271623fe30,,,2021-06-25 15:22:10.297723288,1,Transaction Limitation,dianxiang_sun,True
DX_1826.0,ETH,0x257105b55f701a1c1052d0e569156d3453cd9119,,,2021-06-26 01:35:49.912434320,1,Transaction Limitation,dianxiang_sun,True
DX_2224.0,ETH,0xbd53a4db4003c59070abbfa4e6c31afbf0b26843,,,2021-06-26 11:49:29.527145360,1,Transaction Limitation,dianxiang_sun,True
DX_2356.0,ETH,0xe26e90598190a98c92c75204c9a4ecfe5983f8e0,,,2021-06-26 22:03:09.141856392,1,Transaction Limitation,dianxiang_sun,True
DX_893.0,ETH,0x8fa269b6da92482c49849140a415beb279aaf2d2,,,2021-06-26 22:03:09.141856392,1,Transaction Limitation,dianxiang_sun,True
DX_1942.0,ETH,0x3d0b9de39b5667a77bcb49d3908c7aa054eb4e10,,,2021-06-26 22:03:09.141856392,1,Transaction Limitation,dianxiang_sun,True
DX_135.0,ETH,0x253101757a84054b68a0460b6c77ca2b0e2c4291,,,2021-06-27 08:16:48.756567424,1,Fee,dianxiang_sun,True
DX_1595.0,ETH,0xc54ac7dda7c67bec2f7b46e6f86f90dd9aa0e6b9,,,2021-06-27 08:16:48.756567424,1,Transaction Limitation,dianxiang_sun,True
DX_451.0,ETH,0xe7537ada16f22f4dca3f3a171a65093188538f32,,,2021-06-27 08:16:48.756567424,1,Transaction Limitation,dianxiang_sun,True
DX_1743.0,ETH,0xad3f6438bbf0cd94e42b58ecb461732b03deec69,,,2021-06-27 18:30:28.371278456,1,Transaction Limitation,dianxiang_sun,True
DX_1986.0,ETH,0x4bfc44eee642bd8fb5804a3c08e9060fd12e1d12,,,2021-06-27 18:30:28.371278456,1,Transaction Limitation,dianxiang_sun,True
DX_2297.0,ETH,0x2634baad203cba4aa4114c132b2e50a3a6027ff9,,,2021-06-28 04:44:07.985989488,1,Transaction Limitation,dianxiang_sun,True
Taobao Token (TAOB),ETH,,,,2021-06-29 00:00:00.000000000,1,,tm_rugpull,
DX_1078.0,ETH,0x353296d6168bd8edc037a9286c66049d2429fd68,,,2021-06-29 01:11:27.215411560,1,Transaction Limitation,dianxiang_sun,True
DX_70.0,ETH,0x1f1983336a06f3bda44a2dbce301bb773eadd0e1,,,2021-06-30 07:52:26.059544656,1,Fee,dianxiang_sun,True
DX_386.0,ETH,0x510820b74d0d1e0310d670a94ee6f3204238da37,,,2021-06-30 07:52:26.059544656,1,Transaction Limitation,dianxiang_sun,True
DX_1179.0,ETH,0x8b96a920d1c4d3b6433cf96e3da710ac53f18560,,,2021-06-30 18:06:05.674255688,1,Transaction Limitation,dianxiang_sun,True
Starlink Token (Starlink),BSC,,,,2021-07-01 00:00:00.000000000,1,,tm_rugpull,
DX_1120.0,ETH,0xd3749b5fd950f848f3fa89c6efd1ca813bef8a13,,,2021-07-01 14:33:24.903677760,1,Transaction Limitation,dianxiang_sun,True
THE TRUTH (UFO),ETH,,,,2021-07-02 00:00:00.000000000,0,,tm_rugpull,
DX_714.0,ETH,0x8a9c309b2b9dedd56149e30284cf5ed6f0fcca57,,,2021-07-02 11:00:44.133099824,1,Transaction Limitation,dianxiang_sun,True
DX_2055.0,ETH,0xc2e48cb880a4471c0408ce9463d275a471aa442e,,,2021-07-02 11:00:44.133099824,1,Transaction Limitation,dianxiang_sun,True
DX_501.0,ETH,0x6d2a77cf1b377e22bd984200ca361a5eece6650a,,,2021-07-02 21:14:23.747810856,1,Transaction Limitation,dianxiang_sun,True
PolyRainbowToken (RNBW),POLYGON,,,,2021-07-03 00:00:00.000000000,1,,tm_rugpull,
DollarDoge (DollarDoge),BSC,,,,2021-07-03 00:00:00.000000000,1,,tm_rugpull,
DX_821.0,ETH,0x59f3f84521b7665a8c14e4a67d9c92f9ca556026,,,2021-07-03 07:28:03.362521888,1,Transaction Limitation,dianxiang_sun,True
DX_2093.0,ETH,0x741f1923974464efd0aa70e77800ba5d9ed18902,,,2021-07-04 14:09:02.206654992,1,Transaction Limitation,dianxiang_sun,True
DX_832.0,ETH,0x7c2ceaee1e949483a43790ec7e309c537dec9719,,,2021-07-04 14:09:02.206654992,1,Transaction Limitation,dianxiang_sun,True
Singularity Dao (SDAO),ETH,,,,2021-07-05 00:00:00.000000000,0,,tm_rugpull,
DX_1593.0,ETH,0x6e996150346de5d6190add889163263cce1218c9,,,2021-07-05 00:22:41.821366024,1,Transaction Limitation,dianxiang_sun,True
DX_1767.0,ETH,0x9fd069c7d15fdeca0188e63c65277946cc528d5c,,,2021-07-05 10:36:21.436077056,1,Transaction Limitation,dianxiang_sun,True
DX_877.0,ETH,0xbe3fbd14dc899fe457323fb6e4473cf3ab04e3c0,,,2021-07-05 10:36:21.436077056,1,Transaction Limitation,dianxiang_sun,True
DX_2285.0,ETH,0x19d0321ba91ed5edec4afe1da158a6b06bba03f0,,,2021-07-05 10:36:21.436077056,1,Transaction Limitation,dianxiang_sun,True
DX_1897.0,ETH,0x94511913f295ec56edf2827ddc78c8fa55fcb1f0,,,2021-07-06 07:03:40.665499120,1,Transaction Limitation,dianxiang_sun,True
DX_295.0,ETH,0x6ff869d8727ef71369dd33d7e6fd63da31ae203f,,,2021-07-06 17:17:20.280210152,1,Transaction Limitation,dianxiang_sun,True
DX_1454.0,ETH,0xc5514fc162dd7b9acc70b98d1bc57a94f12d79cb,,,2021-07-07 03:30:59.894921192,1,Transaction Limitation,dianxiang_sun,True
DX_1844.0,ETH,0x20d9f55187343aafc6782ba9eb4e00aa312a9d1c,,,2021-07-09 16:52:57.583187392,1,Transaction Limitation,dianxiang_sun,True
DX_1626.0,ETH,0x62910175e9069cc28e902f5fba83e228482a221c,,,2021-07-09 16:52:57.583187392,1,Transaction Limitation,dianxiang_sun,True
Million (MM),ETH,,,,2021-07-10 00:00:00.000000000,0,,tm_rugpull,
DX_1341.0,ETH,0x7c34371564d259d45831c04413b04079ab9bd247,,,2021-07-10 03:06:37.197898424,1,Transaction Limitation,dianxiang_sun,True
DX_880.0,ETH,0x09ade3ab80b9f885eca960e8001a430d8021b591,,,2021-07-10 03:06:37.197898424,1,Transaction Limitation,dianxiang_sun,True
DX_996.0,ETH,0x706cac4c0145ce5e0bd8e72f6ce4e2b643a69dbf,,,2021-07-10 03:06:37.197898424,1,Transaction Limitation,dianxiang_sun,True
Metahero (HERO),BSC,,,,2021-07-11 00:00:00.000000000,0,,tm_rugpull,
DX_7.0,ETH,0x8Cd8f4eB3C2dF2aaa4B4953C81E80Dae69824325,,,2021-07-11 09:47:36.042031520,1,Combination,dianxiang_sun,True
DX_2255.0,ETH,0x64669148bca4f3d1216127a46380a67b37bbf63e,,,2021-07-11 09:47:36.042031520,1,Transaction Limitation,dianxiang_sun,True
DX_1667.0,ETH,0xe49d7651eca3f844b3281b22dec57167d15b1917,,,2021-07-11 09:47:36.042031520,1,Transaction Limitation,dianxiang_sun,True
DX_2187.0,ETH,0xc0c7d89e4968775931e53e9510ebad43644b0866,,,2021-07-11 20:01:15.656742552,1,Transaction Limitation,dianxiang_sun,True
DX_1922.0,ETH,0x82ced7b239fc06e59f11819883d68a0e0925e59e,,,2021-07-11 20:01:15.656742552,1,Transaction Limitation,dianxiang_sun,True
DX_1635.0,ETH,0xba004be7f55c6125c62f26fd0fa4ada5e2b0458b,,,2021-07-13 23:09:33.730297720,1,Transaction Limitation,dianxiang_sun,True
FLOKI (FLOKI),ETH,,,,2021-07-14 00:00:00.000000000,0,,tm_rugpull,
DX_199.0,ETH,0x370d17840da8a6307a5a496067e94f5f8aa282d2,,,2021-07-14 09:23:13.345008752,1,Fee,dianxiang_sun,True
DX_1469.0,ETH,0xc65f811826724ec3ba295131bb43c4bed25e55a1,,,2021-07-14 19:36:52.959719784,1,Transaction Limitation,dianxiang_sun,True
DX_109.0,ETH,0x30a4b61e2990ee8458bc351d9321565bedd3d7aa,,,2021-07-15 16:04:12.189141856,1,Fee,dianxiang_sun,True
DX_1598.0,ETH,0x6f2f38ec9575a648421a6b4f182bce5097a361eb,,,2021-07-15 16:04:12.189141856,1,Transaction Limitation,dianxiang_sun,True
Wealthfront (WF),ETH,,,,2021-07-16 00:00:00.000000000,1,,tm_rugpull,
DX_1314.0,ETH,0xfabe953a843f6af6470f1cd6960034a2c56bc177,,,2021-07-16 02:17:51.803852888,1,Transaction Limitation,dianxiang_sun,True
OpenOcean (OOE),ETH,,,,2021-07-17 00:00:00.000000000,0,,tm_rugpull,
DX_2216.0,ETH,0xd8993f49f372bb014fb088eabec95cfdc795cbf6,,,2021-07-17 08:58:50.647985984,1,Transaction Limitation,dianxiang_sun,True
DX_360.0,ETH,0x381beac50b9a5ea06a320a72592f7460c49a2b48,,,2021-07-17 19:12:30.262697024,1,Transaction Limitation,dianxiang_sun,True
DX_1005.0,ETH,0xd1df4617efe82e8d0a476f8d4505385a612404de,,,2021-07-17 19:12:30.262697024,1,Transaction Limitation,dianxiang_sun,True
DX_243.0,BSC,0xB5B27564D05Db32CF4F25813D35b6E6de9210941,,,2021-07-19 01:53:29.106830120,1,Token Generation,dianxiang_sun,True
DX_1042.0,ETH,0x12bfcbbe23bcb2724701abd7d09a0c5b9443ec4c,,,2021-07-19 22:20:48.336252184,1,Transaction Limitation,dianxiang_sun,True
DX_1238.0,ETH,0xfbc81d9756c179ad3bb316e262abe5d4f5e587ab,,,2021-07-20 18:48:07.565674256,1,Transaction Limitation,dianxiang_sun,True
DX_958.0,ETH,0xce677df0f78e471aacd102d6465fc53312617eb6,,,2021-07-20 18:48:07.565674256,1,Transaction Limitation,dianxiang_sun,True
FevrToken (FEVR),ETH,,,,2021-07-21 00:00:00.000000000,0,,tm_rugpull,
DX_38.0,ETH,0x0cb8d0b37c7487b11d57f1f33defa2b1d3cfccfe,,,2021-07-21 05:01:47.180385288,1,Destroy Token,dianxiang_sun,True
DX_677.0,ETH,0xb58f4ca7f61ba2195611e183a255e90a90e15d79,,,2021-07-21 05:01:47.180385288,1,Transaction Limitation,dianxiang_sun,True
DX_953.0,ETH,0x855af10faf11d4a6f6102a1babd77453d18066b7,,,2021-07-21 15:15:26.795096320,1,Transaction Limitation,dianxiang_sun,True
Coin Merge (CMERGE),ETH,,,,2021-07-22 00:00:00.000000000,1,,tm_rugpull,
DX_1739.0,ETH,0x52e8ebf98ef95d373d29041182830bf13c52588f,,,2021-07-22 11:42:46.024518384,1,Transaction Limitation,dianxiang_sun,True
DX_1059.0,ETH,0x6129c5def763a1eb32ba89f8a3a075ed1f568ba5,,,2021-07-22 21:56:25.639229424,1,Transaction Limitation,dianxiang_sun,True
DX_465.0,ETH,0x1eefad9a556530f8af9a06ff696a48fbc2d369cc,,,2021-07-23 08:10:05.253940456,1,Transaction Limitation,dianxiang_sun,True
DX_1503.0,ETH,0x1fc8d59e1cf263c371c011c4de65af8b9abd6aea,,,2021-07-23 08:10:05.253940456,1,Transaction Limitation,dianxiang_sun,True
DX_785.0,ETH,0x8da2d78da8266a27bc8ffd170fccf64616e6b90d,,,2021-07-23 18:23:44.868651488,1,Transaction Limitation,dianxiang_sun,True
DX_1581.0,ETH,0x4280902f2bd06dbac060abafe4957ea160f95913,,,2021-07-23 18:23:44.868651488,1,Transaction Limitation,dianxiang_sun,True
Karura (KAR),BSC,,,,2021-07-24 00:00:00.000000000,1,,tm_rugpull,
CRP_23,Ethereum,0x28c748535cC0c774d7bB046aDba0C9d77E3b4c92,,,2021-07-25 11:18:23.327495616,1,,crpwarner,True
DX_470.0,ETH,0x744e4c6bbac4b949613de785df058ea2f2522ccc,,,2021-07-26 17:59:22.171628720,1,Transaction Limitation,dianxiang_sun,True
Chessfarm.Tech,BSC,,,,2021-07-27 00:00:00.000000000,1,,tm_rugpull,
Mint.club (MINT),ETH,,,,2021-07-27 00:00:00.000000000,0,,tm_rugpull,
Coin98 (C98),BSC,,,,2021-07-28 00:00:00.000000000,0,,tm_rugpull,
DX_446.0,ETH,0x7dbae447bffc92857fe2f8e198b7f1f6a1633756,,,2021-07-28 21:07:40.245183888,1,Transaction Limitation,dianxiang_sun,True
DX_87.0,ETH,0xf9f60ada5c8651adfd1162a47f3248e0d0f1ac3a,,,2021-07-29 07:21:19.859894920,1,Fee,dianxiang_sun,True
CRP_61,Ethereum,0x108D0f1Fc10Ed324f8cC65D0a91CaD11cd4994A4,,,2021-07-29 17:34:59.474605952,1,,crpwarner,True
DX_1172.0,ETH,0x6c18886744d6dff607cb2dc2526d9b6f4a4c88b2,,,2021-07-29 17:34:59.474605952,1,Transaction Limitation,dianxiang_sun,True
Chess (CHESS),ETH,,,,2021-07-31 00:00:00.000000000,0,,tm_rugpull,
DX_660.0,ETH,0xf6e43ef8d81f8cb1d0df25e2583a59a28471d4d1,,,2021-07-31 10:29:37.933450088,1,Transaction Limitation,dianxiang_sun,True
DX_1402.0,ETH,0x82f57cb5899d0b661cc206c568d39868d705acda,,,2021-07-31 20:43:17.548161120,1,Transaction Limitation,dianxiang_sun,True
DX_2244.0,ETH,0xae3bf0f077ed66dda9fb1b5475942c919ef3bb0d,,,2021-07-31 20:43:17.548161120,1,Transaction Limitation,dianxiang_sun,True
DX_312.0,ETH,0x496a8a1c9b3aa406a51046e64149b230ccd903a5,,,2021-08-01 06:56:57.162872152,1,Transaction Limitation,dianxiang_sun,True
Animoon (ANIMOON),BSC,,,,2021-08-02 00:00:00.000000000,1,,tm_rugpull,
DX_909.0,ETH,0x6586b276a2f9200163b9ffdcd43553c62d295309,,,2021-08-02 13:37:56.007005248,1,Transaction Limitation,dianxiang_sun,True
DX_2048.0,ETH,0x109c116066681fac29dbf884bf56467fa27b2ba3,,,2021-08-03 20:18:54.851138352,1,Transaction Limitation,dianxiang_sun,True
DX_802.0,ETH,0xa6a18f8ea618aa7afd5e9dd7939cc6468e920a6b,,,2021-08-03 20:18:54.851138352,1,Transaction Limitation,dianxiang_sun,True
DX_1221.0,ETH,0x8b40c8ae86d795ac92446f1b909eb06db065f7c3,,,2021-08-03 20:18:54.851138352,1,Transaction Limitation,dianxiang_sun,True
DX_115.0,ETH,0x628d24dc82bd75259297438ef4c5284ecf43df27,,,2021-08-03 20:18:54.851138352,1,Fee,dianxiang_sun,True
DX_605.0,ETH,0x8c1bad96e0d048872cd4cc7577d4170b4516b594,,,2021-08-04 06:32:34.465849384,1,Transaction Limitation,dianxiang_sun,True
DX_863.0,ETH,0xfdc58a8b00751a0fe93650b441accd2b3688edf5,,,2021-08-04 06:32:34.465849384,1,Transaction Limitation,dianxiang_sun,True
DX_24.0,ETH,0x744d70fdbe2ba4cf95131626614a1763df805b9e,,,2021-08-04 16:46:14.080560416,1,Destroy Token,dianxiang_sun,True
JOJO (JOJO),BSC,,,,2021-08-05 00:00:00.000000000,0,,tm_rugpull,
DX_2268.0,ETH,0x4876bca6feab4243e4370bddc92f5a8364de9df9,,,2021-08-05 02:59:53.695271448,1,Transaction Limitation,dianxiang_sun,True
DX_1130.0,ETH,0x3d9bf7384e512b7aa394f333e73599e3b4c90ea9,,,2021-08-05 02:59:53.695271448,1,Transaction Limitation,dianxiang_sun,True
DX_1721.0,ETH,0x3e49b1019c64ae87a0c6e9cef21cc203029c5e0d,,,2021-08-05 23:27:12.924693520,1,Transaction Limitation,dianxiang_sun,True
DX_373.0,ETH,0xff603f43946a3a28df5e6a73172555d8c8b02386,,,2021-08-06 09:40:52.539404552,1,Transaction Limitation,dianxiang_sun,True
DX_1907.0,ETH,0x48e490171a4132fb5de5aa90548b4d4039c33d48,,,2021-08-06 09:40:52.539404552,1,Transaction Limitation,dianxiang_sun,True
DX_1484.0,ETH,0xf7c82f0895e33e7c5a3587df2ba25e8be9aa40a2,,,2021-08-06 19:54:32.154115584,1,Transaction Limitation,dianxiang_sun,True
DX_1713.0,ETH,0x4c8fb10c7cf1fd316b46b7c2296b68461c4a4c46,,,2021-08-07 06:08:11.768826616,1,Transaction Limitation,dianxiang_sun,True
DX_359.0,ETH,0x55f93985431fc9304077687a35a1ba103dc1e081,,,2021-08-07 16:21:51.383537648,1,Transaction Limitation,dianxiang_sun,True
BNBpay (BNBpay),BSC,,,,2021-08-08 00:00:00.000000000,1,,tm_rugpull,
DX_1301.0,ETH,0x1f4a3265ac297ce140f84c3ee1cba186ce53b49f,,,2021-08-08 02:35:30.998248688,1,Transaction Limitation,dianxiang_sun,True
DX_1773.0,ETH,0x3445acc4a3e6eb6f92f6c0a48214863ebf107e41,,,2021-08-08 12:49:10.612959720,1,Transaction Limitation,dianxiang_sun,True
DX_2349.0,ETH,0x9cdfd805d73b4837bf3f7b2296996aaecc881e86,,,2021-08-08 12:49:10.612959720,1,Transaction Limitation,dianxiang_sun,True
DX_1932.0,ETH,0x5520f56b7f0791a7aee0d435cedb1e08b3feb588,,,2021-08-08 23:02:50.227670752,1,Transaction Limitation,dianxiang_sun,True
DX_95.0,ETH,0x0d83a1fbc4c212754dd1e453c67fd5f79a2db6d5,,,2021-08-08 23:02:50.227670752,1,Fee,dianxiang_sun,True
Position Token (POSI),BSC,,,,2021-08-09 00:00:00.000000000,0,,tm_rugpull,
DX_784.0,ETH,0x584102338163936c25b1e378b39742f30a0cb83d,,,2021-08-09 09:16:29.842381784,1,Transaction Limitation,dianxiang_sun,True
Lithium (LITH),ETH,,,,2021-08-10 00:00:00.000000000,0,,tm_rugpull,
CFL365 Finance (CFL365),BSC,,,,2021-08-10 00:00:00.000000000,1,,tm_rugpull,
TravaFinance Token (TRAVA),BSC,,,,2021-08-10 00:00:00.000000000,0,,tm_rugpull,
DX_1204.0,ETH,0x18b55a76a3326389d58e3a0e0d7e7227a81e861f,,,2021-08-10 05:43:49.071803848,1,Transaction Limitation,dianxiang_sun,True
Boost Coin (Boost),ETH,,,,2021-08-12 00:00:00.000000000,1,,tm_rugpull,
DX_168.0,ETH,0xdbc239504342d90df8d12403d78c2f185d4074b3,,,2021-08-12 08:52:07.145359016,1,Fee,dianxiang_sun,True
Mango INU (MNGO),BSC,,,,2021-08-13 00:00:00.000000000,1,,tm_rugpull,
DX_573.0,ETH,0x81a3da9cee3ca853834577db44370d9f562f0d86,,,2021-08-13 15:33:05.989492120,1,Transaction Limitation,dianxiang_sun,True
Infinity Token (IT),ETH,,,,2021-08-14 00:00:00.000000000,1,,tm_rugpull,
CRP_26,Ethereum,0xE7E63e244c52b2230666e263657bA8Db2B6b3705,,,2021-08-14 01:46:45.604203152,1,,crpwarner,True
DX_2304.0,ETH,0xb38beba95e0e21a97466c452454debe2658527f7,,,2021-08-15 08:27:44.448336248,1,Transaction Limitation,dianxiang_sun,True
DX_1308.0,ETH,0x9ecb8d84c01cf1ef9d668cb33763142dcbfad655,,,2021-08-15 18:41:24.063047280,1,Transaction Limitation,dianxiang_sun,True
DX_498.0,ETH,0xf76901befd9e3d2100958e7a479c6699ea5b7252,,,2021-08-15 18:41:24.063047280,1,Transaction Limitation,dianxiang_sun,True
Mystery (MST),FANTOM,,,,2021-08-16 00:00:00.000000000,1,,tm_rugpull,
DX_1846.0,ETH,0x6ce71d1cc476cdfa5a197d92a5ce5b47b41a46c0,,,2021-08-16 04:55:03.677758320,1,Transaction Limitation,dianxiang_sun,True
DX_633.0,ETH,0xaaaab2928e693bb51e91aeca0599b1d1cd718dff,,,2021-08-16 15:08:43.292469352,1,Transaction Limitation,dianxiang_sun,True
Mysterium (PoS) (MYST),POLYGON,,,,2021-08-17 00:00:00.000000000,0,,tm_rugpull,
SuperRare (RARE),ETH,,,,2021-08-18 00:00:00.000000000,1,,tm_rugpull,
DX_531.0,ETH,0xd602e48066a87bf9da01c7735e2c65f20c0cd833,,,2021-08-18 08:03:21.751313480,1,Transaction Limitation,dianxiang_sun,True
DX_2078.0,ETH,0x0d83102ec81853f3334bd2b9e9fcce7adf96ccc7,,,2021-08-18 18:17:01.366024520,1,Transaction Limitation,dianxiang_sun,True
DX_590.0,ETH,0x65088f603a0998876efe5a786fa64ee13e667e0b,,,2021-08-18 18:17:01.366024520,1,Transaction Limitation,dianxiang_sun,True
DX_1009.0,ETH,0x2c536dce29809750c48cda3526acda9f3bbc4b67,,,2021-08-18 18:17:01.366024520,1,Transaction Limitation,dianxiang_sun,True
DX_2074.0,ETH,0x25898d8b26130716ae9239969df075348f38e69a,,,2021-08-18 18:17:01.366024520,1,Transaction Limitation,dianxiang_sun,True
DX_658.0,ETH,0xb371a72a1d334f830094b66eb25b4585ce6df0ea,,,2021-08-18 18:17:01.366024520,1,Transaction Limitation,dianxiang_sun,True
DX_806.0,ETH,0xeac8976401037b0f1a706d915285d442423b9b3c,,,2021-08-20 11:11:39.824868648,1,Transaction Limitation,dianxiang_sun,True
DX_1070.0,ETH,0xf1599c8c832483a164095c8cb0ab4be9b027719d,,,2021-08-21 07:38:59.054290712,1,Transaction Limitation,dianxiang_sun,True
DX_2282.0,ETH,0xc7e454770433c071dd1863eeb27fb7e1adbd3361,,,2021-08-21 07:38:59.054290712,1,Transaction Limitation,dianxiang_sun,True
DX_1281.0,ETH,0x4e35a2e4720c090c63602d1a0bab6c49dce1ade9,,,2021-08-21 17:52:38.669001752,1,Transaction Limitation,dianxiang_sun,True
DX_314.0,ETH,0x547c4c2ee931cf94c84b7ed0800512d0271a7290,,,2021-08-22 14:19:57.898423816,1,Transaction Limitation,dianxiang_sun,True
DX_72.0,ETH,0x3c302e18d126a7f1271f2793e5749109a2028ff0,,,2021-08-23 00:33:37.513134848,1,Fee,dianxiang_sun,True
DX_1913.0,ETH,0x375e63a51c4406727cbf9b3eb4e770d2ed5e43e4,,,2021-08-23 10:47:17.127845880,1,Transaction Limitation,dianxiang_sun,True
CRP_52,Ethereum,0x797885C0a6CfffCbc4D2e3C1ca0B4F07112dB6a3,,,2021-08-23 21:00:56.742556912,1,,crpwarner,True
Raijin (RAIJIN),ETH,,,,2021-08-24 00:00:00.000000000,1,,tm_rugpull,
DX_2086.0,ETH,0x413c8657b6e6fa2b433db62271e662a470de4ba0,,,2021-08-24 07:14:36.357267952,1,Transaction Limitation,dianxiang_sun,True
XWG (XWG),BSC,,,,2021-08-25 00:00:00.000000000,0,,tm_rugpull,
Cool Cats (COOL20),ETH,,,,2021-08-26 00:00:00.000000000,1,,tm_rugpull,
DX_1286.0,ETH,0x523c2f01857fbb434d58e364e75a737c350076f6,,,2021-08-26 00:09:14.816112080,1,Transaction Limitation,dianxiang_sun,True
DX_1006.0,ETH,0xe673fb2b9ac1d915f6bdc61c9d3f8a7b80c89552,,,2021-08-26 10:22:54.430823112,1,Transaction Limitation,dianxiang_sun,True
Wrapped TON Coin (TONCOIN),ETH,,,,2021-08-27 00:00:00.000000000,0,,tm_rugpull,
Polytrade (TRADE),ETH,,,,2021-08-27 00:00:00.000000000,0,,tm_rugpull,
BENQI (QI),SNOW,,,,2021-08-27 00:00:00.000000000,0,,tm_rugpull,
DX_1422.0,ETH,0x1fafbda532ff5afec2eaeb2e2b1ad99fc7ba0f59,,,2021-08-27 06:50:13.660245184,1,Transaction Limitation,dianxiang_sun,True
DX_1407.0,ETH,0xc88597dd7aaf23c467a850e16fc1c37b241d5761,,,2021-08-27 06:50:13.660245184,1,Transaction Limitation,dianxiang_sun,True
DX_2221.0,ETH,0x99bab102c0a03438bcfd70119f07ee646db26ddf,,,2021-08-27 06:50:13.660245184,1,Transaction Limitation,dianxiang_sun,True
DX_1450.0,ETH,0xaf19335b8e7cba10ae2e54951d4547dff75d7956,,,2021-08-28 03:17:32.889667248,1,Transaction Limitation,dianxiang_sun,True
DX_1982.0,ETH,0x0db2ef0df9c70811f8b363a04eb25f1a8c9d2081,,,2021-08-28 13:31:12.504378280,1,Transaction Limitation,dianxiang_sun,True
DX_1411.0,ETH,0x3e813f26eef45e6fd5862fbd1c520e8f624ae8c3,,,2021-08-28 23:44:52.119089312,1,Transaction Limitation,dianxiang_sun,True
DX_945.0,ETH,0xcf547fdbe78e52dc9dae647f4c01ec269bba05c3,,,2021-08-30 16:39:30.577933448,1,Transaction Limitation,dianxiang_sun,True
DX_1203.0,ETH,0xa735080800448d604c601e3eeaf8756d2eee1656,,,2021-08-30 16:39:30.577933448,1,Transaction Limitation,dianxiang_sun,True
DX_1999.0,ETH,0x63e615531c1d7f6779303da9ce33d96ca9a14030,,,2021-08-31 02:53:10.192644480,1,Transaction Limitation,dianxiang_sun,True
DX_858.0,ETH,0x21525e2d20064a789077cbc6453631bcb1f6488f,,,2021-08-31 13:06:49.807355512,1,Transaction Limitation,dianxiang_sun,True
DX_869.0,ETH,0x19c4ce8f77b3a4c8fdc46547fde3d387f968bca0,,,2021-09-01 19:47:48.651488616,1,Transaction Limitation,dianxiang_sun,True
Wrapped MOVR (WMOVR),ETH,,,,2021-09-02 00:00:00.000000000,0,,tm_rugpull,
SpookyToken (BOO),ETH,,,,2021-09-02 00:00:00.000000000,0,,tm_rugpull,
DX_1920.0,ETH,0x09b3d85a6260110644bd25bf9a592f031f557155,,,2021-09-02 16:15:07.880910680,1,Transaction Limitation,dianxiang_sun,True
DX_520.0,ETH,0x61db2fb090d890ea9fc09dd837fd47cf2f92ee26,,,2021-09-03 02:28:47.495621712,1,Transaction Limitation,dianxiang_sun,True
DX_185.0,ETH,0xe9b9812898593d258404aa938d023967ceb83daf,,,2021-09-03 02:28:47.495621712,1,Fee,dianxiang_sun,True
DX_1236.0,ETH,0xe1048365c4476d28a5c7e749a7d09de4d309d3a7,,,2021-09-03 02:28:47.495621712,1,Transaction Limitation,dianxiang_sun,True
DX_2029.0,ETH,0xf8b7009966fd67366f0c5f8f088f8e811cc83caf,,,2021-09-03 12:42:27.110332744,1,Transaction Limitation,dianxiang_sun,True
DX_1001.0,ETH,0xf2bb8bc4dee85c27854779a38edabb4919818ba8,,,2021-09-03 22:56:06.725043784,1,Transaction Limitation,dianxiang_sun,True
DX_66.0,ETH,0x631f4ee65c42e2d745d83cb667a956ac049f6adf,,,2021-09-03 22:56:06.725043784,1,Fee,dianxiang_sun,True
DX_2307.0,ETH,0x8bce9d720745b93c58c505fc0d842a7d9cd59697,,,2021-09-04 19:23:25.954465848,1,Transaction Limitation,dianxiang_sun,True
DX_1931.0,ETH,0x0ec56b8652a4a8f0d0b6f61b359711d9d837d78d,,,2021-09-04 19:23:25.954465848,1,Transaction Limitation,dianxiang_sun,True
Leo Token (LEO),ETH,,,,2021-09-05 00:00:00.000000000,0,,tm_rugpull,
DX_5.0,ETH,0x4876c5892d975780405f1b73802221b2850feb8e,,,2021-09-05 05:37:05.569176880,1,Combination,dianxiang_sun,True
StarMon (SMON),BSC,,,,2021-09-06 00:00:00.000000000,1,,tm_rugpull,
DX_1489.0,ETH,0x7d7b9eea9e93e4b23deeda883d14c6d195c0222d,,,2021-09-06 02:04:24.798598944,1,Transaction Limitation,dianxiang_sun,True
Adventure Gold (AGLD),ETH,,,,2021-09-07 00:00:00.000000000,0,,tm_rugpull,
DX_2140.0,ETH,0x477d1ee2f953a2f85dbecbcb371c2613809ea452,,,2021-09-07 08:45:23.642732048,1,Transaction Limitation,dianxiang_sun,True
DX_1430.0,ETH,0x3afd1b39f6a1426312810ccd6969eed7cad2abbb,,,2021-09-07 18:59:03.257443080,1,Transaction Limitation,dianxiang_sun,True
Hunny Token (HUNNY),ETH,,,,2021-09-08 00:00:00.000000000,0,,tm_rugpull,
PointPay Token (PXP),ETH,,,,2021-09-08 00:00:00.000000000,0,,tm_rugpull,
DX_1457.0,ETH,0x0e06bc58b377c0f59cb7292d78c065ff4f6a2725,,,2021-09-08 15:26:22.486865144,1,Transaction Limitation,dianxiang_sun,True
Wault (WAULTx),BSC,,,,2021-09-09 00:00:00.000000000,0,,tm_rugpull,
Centra (CTR),ETH,,,,2021-09-09 00:00:00.000000000,1,,tm_rugpull,
DeHub (DeHub),BSC,,,,2021-09-09 00:00:00.000000000,0,,tm_rugpull,
DX_1821.0,ETH,0x457a0677d206970a20212f95f35378cfc68eaa0c,,,2021-09-09 01:40:02.101576176,1,Transaction Limitation,dianxiang_sun,True
DX_1074.0,ETH,0x1aa8ec84968e22e176c2fd27e31fab4c66da2440,,,2021-09-09 01:40:02.101576176,1,Transaction Limitation,dianxiang_sun,True
DX_678.0,ETH,0x2a0f041bc3e10f4b67c31cc0f45c29b66d07c794,,,2021-09-09 11:53:41.716287216,1,Transaction Limitation,dianxiang_sun,True
CRP_4,Ethereum,0x10f6f2b97F3aB29583D9D38BaBF2994dF7220C21,,,2021-09-11 04:48:20.175131344,1,,crpwarner,True
DX_1685.0,ETH,0x5e6142e7a86061f40a011c142b917595db173d28,,,2021-09-12 01:15:39.404553416,1,Transaction Limitation,dianxiang_sun,True
DX_1387.0,ETH,0xf0ded3311281ac5b7e331f8984efba6978184cce,,,2021-09-12 11:29:19.019264448,1,Transaction Limitation,dianxiang_sun,True
DX_1421.0,ETH,0x6c74666a2011e7a21b87987665536d6182dc616f,,,2021-09-12 21:42:58.633975480,1,Transaction Limitation,dianxiang_sun,True
ADAF (ADAF),BSC,,,,2021-09-13 00:00:00.000000000,1,,tm_rugpull,
DX_1502.0,ETH,0x0719caf8fa58d56b9f5e658757a5554aa0f9fb8b,,,2021-09-13 07:56:38.248686512,1,Transaction Limitation,dianxiang_sun,True
DX_1115.0,ETH,0xe541156da00a8c7f9d79f38858d64c9344da7029,,,2021-09-13 07:56:38.248686512,1,Transaction Limitation,dianxiang_sun,True
DX_2096.0,ETH,0x787b9a8978b21476abb78876f24c49c0e513065e,,,2021-09-13 18:10:17.863397544,1,Transaction Limitation,dianxiang_sun,True
DX_1742.0,ETH,0x3d3d5cce38afb7a379b2c3175ee56e2dc72cd7c8,,,2021-09-13 18:10:17.863397544,1,Transaction Limitation,dianxiang_sun,True
DX_1385.0,ETH,0x259f812a19afb74622350a2ecd251202a50afa98,,,2021-09-15 00:51:16.707530648,1,Transaction Limitation,dianxiang_sun,True
DX_2351.0,ETH,0x9f54d912a029380f2743aaf4ddd28c3f207cd719,,,2021-09-15 11:04:56.322241680,1,Transaction Limitation,dianxiang_sun,True
DX_1911.0,ETH,0xd0ca394155082fdc05edf9719a006cbe3b63468d,,,2021-09-16 07:32:15.551663744,1,Transaction Limitation,dianxiang_sun,True
DX_980.0,ETH,0xa257be1b01b09abe85f8b7c33334c343fb9bde9f,,,2021-09-16 17:45:55.166374776,1,Transaction Limitation,dianxiang_sun,True
Jay Pegs Auto Mart (JPAM),ETH,,,,2021-09-17 00:00:00.000000000,1,,tm_rugpull,
DX_1692.0,ETH,0xfa23661060bf6ef93e31aaf0447989e3c6d35022,,,2021-09-17 03:59:34.781085816,1,Transaction Limitation,dianxiang_sun,True
DX_1751.0,ETH,0x2ec08e59ed827be587897edcdbff59215e785496,,,2021-09-18 10:40:33.625218912,1,Transaction Limitation,dianxiang_sun,True
DX_1368.0,ETH,0x01e39271d33342f9167f948a5c9e67f004bf802d,,,2021-09-18 20:54:13.239929944,1,Transaction Limitation,dianxiang_sun,True
GameFi (GAFI),BSC,,,,2021-09-19 00:00:00.000000000,1,,tm_rugpull,
DX_2147.0,ETH,0xaa12936a79848938770bdbc5da0d49fe986678cc,,,2021-09-19 17:21:32.469352008,1,Transaction Limitation,dianxiang_sun,True
DX_1963.0,ETH,0x21108784de7cc103bd8b3ca1eaa5152595d98886,,,2021-09-20 13:48:51.698774080,1,Transaction Limitation,dianxiang_sun,True
Thetan Gem (THG),BSC,,,,2021-09-21 00:00:00.000000000,0,,tm_rugpull,
CRP_16,Ethereum,0x6609F543d38816116fa5b9a98C918cA947f5455D,,,2021-09-22 06:43:30.157618208,0,,crpwarner,True
DX_857.0,ETH,0x1535a6b56b3044a2b2d86a006523a61e7ee2de6a,,,2021-09-22 06:43:30.157618208,1,Transaction Limitation,dianxiang_sun,True
DX_1417.0,ETH,0x43ead58e7ff01e89bbb93540b861a64bb7fc5a94,,,2021-09-22 06:43:30.157618208,1,Transaction Limitation,dianxiang_sun,True
DX_935.0,ETH,0x0fe649681f7fef42d18d6f09d818389c1981843b,,,2021-09-22 16:57:09.772329248,1,Transaction Limitation,dianxiang_sun,True
Gelato Network Token (GEL),ETH,,,,2021-09-23 00:00:00.000000000,0,,tm_rugpull,
DX_65.0,ETH,0xe90d751093cf626cd9b89dc06a5002ae55ba0fcd,,,2021-09-23 03:10:49.387040280,1,Fee,dianxiang_sun,True
CRP_57,Ethereum,0xb131f4A55907B10d1F0A50d8ab8FA09EC342cd74,,,2021-09-23 03:10:49.387040280,0,,crpwarner,True
DX_2322.0,ETH,0xd0981f1e922be67f2d0bb4f0c86f98f039dd24cc,,,2021-09-23 23:38:08.616462344,1,Transaction Limitation,dianxiang_sun,True
Monsta Infinite Token (MONI),BSC,,,,2021-09-24 00:00:00.000000000,0,,tm_rugpull,
Chronicle (XNL),ETH,,,,2021-09-24 00:00:00.000000000,0,,tm_rugpull,
DX_1708.0,ETH,0x86b5cccab2c573d5321740be15c7b80be235277a,,,2021-09-24 09:51:48.231173376,1,Transaction Limitation,dianxiang_sun,True
DX_1176.0,ETH,0xf5a12f67d2a53b5af7478b85da5c622101c2ff34,,,2021-09-24 09:51:48.231173376,1,Transaction Limitation,dianxiang_sun,True
Origin Dollar (OUSD),ETH,,,,2021-09-25 00:00:00.000000000,0,,tm_rugpull,
DX_225.0,BSC,0x5927b72440D8A8b8c6ca5A8be60e88975F9063fc,,,2021-09-25 06:19:07.460595448,1,Token Distribution,dianxiang_sun,True
DX_685.0,ETH,0x9a82930aee216df592ebb69450eaa867d4836402,,,2021-09-25 16:32:47.075306480,1,Transaction Limitation,dianxiang_sun,True
DX_1255.0,ETH,0x66ddee10520569d3d10b26010c0d2e92c6901284,,,2021-09-25 16:32:47.075306480,1,Transaction Limitation,dianxiang_sun,True
DX_2134.0,ETH,0x23f890c412f3f06784a30ba40ed4832a0fca55f0,,,2021-09-26 23:13:45.919439576,1,Transaction Limitation,dianxiang_sun,True
DX_1346.0,ETH,0x8611f8d9849a70c039b91f452c7cd87861e0200a,,,2021-09-27 09:27:25.534150608,1,Transaction Limitation,dianxiang_sun,True
DX_1634.0,ETH,0x89973fe85cd4e4470984dbf440add9ccde2ab36a,,,2021-09-27 09:27:25.534150608,1,Transaction Limitation,dianxiang_sun,True
DX_773.0,ETH,0x12d9b0ed88b37852974b4f6cd24a84870c03c9b7,,,2021-09-28 16:08:24.378283712,1,Transaction Limitation,dianxiang_sun,True
DX_142.0,ETH,0xb7eba92353825252286e549d6e8436a297b25d67,,,2021-09-28 16:08:24.378283712,1,Fee,dianxiang_sun,True
DX_587.0,ETH,0xeb90b76d8831b7d5269834a384511a099d9b2140,,,2021-09-29 12:35:43.607705776,1,Transaction Limitation,dianxiang_sun,True
OpulousToken (OPUL),ETH,,,,2021-09-30 00:00:00.000000000,0,,tm_rugpull,
Nabox (Nabox),BSC,,,,2021-09-30 00:00:00.000000000,1,,tm_rugpull,
GMX(GMX),ARBI,,,,2021-09-30 00:00:00.000000000,0,,tm_rugpull,
Dimitra Token (DMTR),ETH,,,,2021-09-30 00:00:00.000000000,0,,tm_rugpull,
DX_329.0,ETH,0xba1ed22c69ad00739ee2b4abd70e270be9e87ee2,,,2021-09-30 09:03:02.837127840,1,Transaction Limitation,dianxiang_sun,True
DX_1465.0,ETH,0x788efbb6ca3c2de34482818b15eb9ba686019726,,,2021-09-30 19:16:42.451838880,1,Transaction Limitation,dianxiang_sun,True
Bholdus Token (BHO),BSC,,,,2021-10-01 00:00:00.000000000,0,,tm_rugpull,
DX_2191.0,ETH,0xfae0300c03a1ea898176bcb39f919c559f64f4ff,,,2021-10-01 05:30:22.066549912,1,Transaction Limitation,dianxiang_sun,True
DX_1600.0,ETH,0x4a8eaf67112c8381953298db05f80758259242f6,,,2021-10-02 01:57:41.295971976,1,Transaction Limitation,dianxiang_sun,True
DX_899.0,ETH,0xd16404d3e5bda0ec647806121e9c73dbbafec105,,,2021-10-02 12:11:20.910683008,1,Transaction Limitation,dianxiang_sun,True
DX_40.0,BSC,0x6Fdae33fcC7Ab73743454A0d70347E3f3213B16a,,,2021-10-03 08:38:40.140105080,1,External Call,dianxiang_sun,True
MARS4 (MARS4),ETH,,,,2021-10-05 00:00:00.000000000,0,,tm_rugpull,
DX_348.0,ETH,0xca2796f9f61dc7b238aab043971e49c6164df375,,,2021-10-05 01:33:18.598949208,1,Transaction Limitation,dianxiang_sun,True
DX_2037.0,ETH,0xaec4584f50453c93badacda801a2820ee0fab512,,,2021-10-05 01:33:18.598949208,1,Transaction Limitation,dianxiang_sun,True
CRP_27,Ethereum,0x25d8f027Fd25eecBcd812521fb2F75f175807A91,,,2021-10-05 11:46:58.213660240,1,,crpwarner,True
DX_769.0,ETH,0xf4cdabd8739c284f8c383de60adef8b6dc7acbba,,,2021-10-06 08:14:17.443082312,1,Transaction Limitation,dianxiang_sun,True
DX_1334.0,ETH,0x4c274b15d6b559936685f1617e35623f580cf73f,,,2021-10-06 08:14:17.443082312,1,Transaction Limitation,dianxiang_sun,True
DX_2023.0,ETH,0x7deb87a7e3f8f42bfdfd9f8f48b6702118154f68,,,2021-10-07 14:55:16.287215408,1,Transaction Limitation,dianxiang_sun,True
RangersProtocolGas (RPG),ETH,,,,2021-10-08 00:00:00.000000000,1,,tm_rugpull,
DX_1372.0,ETH,0xee84b8be22ec5635ea6177a8172ed915728ba8f2,,,2021-10-08 01:08:55.901926440,1,Transaction Limitation,dianxiang_sun,True
DX_2035.0,ETH,0x9f454f93d4a45ff5e1fdbfc875b7b9f2b6e73a34,,,2021-10-08 01:08:55.901926440,1,Transaction Limitation,dianxiang_sun,True
DX_1046.0,ETH,0x35c3668e230b865b9816a29b0ff3d0d3e417b6bc,,,2021-10-08 11:22:35.516637472,1,Transaction Limitation,dianxiang_sun,True
DX_354.0,ETH,0x14c926f2290044b647e1bf2072e67b495eff1905,,,2021-10-08 21:36:15.131348512,1,Transaction Limitation,dianxiang_sun,True
DX_853.0,ETH,0x445740b855186e4303a79e269a10aa33c484d1b0,,,2021-10-09 07:49:54.746059544,1,Transaction Limitation,dianxiang_sun,True
DX_422.0,ETH,0x8f7cb72ced46daf57127b205f70d29c490ecb8e0,,,2021-10-09 18:03:34.360770576,1,Transaction Limitation,dianxiang_sun,True
Beyond Protocol (BP),ETH,,,,2021-10-10 00:00:00.000000000,0,,tm_rugpull,
Beta Token (BETA),ETH,,,,2021-10-10 00:00:00.000000000,0,,tm_rugpull,
DX_2165.0,ETH,0x4fed7f5f0314bd156a8486fc41dc8bd4737c24fb,,,2021-10-10 14:30:53.590192640,1,Transaction Limitation,dianxiang_sun,True
DX_2332.0,ETH,0xf3f3dd2b5d9f3de1b1ceb6ad84683bf31adf29d1,,,2021-10-11 00:44:33.204903672,1,Transaction Limitation,dianxiang_sun,True
DX_2264.0,ETH,0x6f905e47d3e6a9cc286b8250181ee5a0441acc81,,,2021-10-11 00:44:33.204903672,1,Transaction Limitation,dianxiang_sun,True
DX_1112.0,ETH,0x5d9141de262dbb5c79373af37791e756689d323c,,,2021-10-11 10:58:12.819614712,1,Transaction Limitation,dianxiang_sun,True
DX_1568.0,ETH,0xcd52c19d8ae767f4b030c76a24586ec9fb303068,,,2021-10-12 07:25:32.049036776,1,Transaction Limitation,dianxiang_sun,True
DX_2068.0,ETH,0xd8384641a8bfdacb7fd66db95ae290462cafeca8,,,2021-10-12 07:25:32.049036776,1,Transaction Limitation,dianxiang_sun,True
DX_2280.0,ETH,0x4ca675d62a05c451555c93e456f902bd3e423586,,,2021-10-12 17:39:11.663747808,1,Transaction Limitation,dianxiang_sun,True
PlugToken (PLUG),POLYGON,,,,2021-10-13 00:00:00.000000000,1,,tm_rugpull,
DeFido (DEFIDO),BSC,,,,2021-10-13 00:00:00.000000000,1,,tm_rugpull,
MagicToken (MAGIC),FANTOM,,,,2021-10-13 00:00:00.000000000,1,,tm_rugpull,
DX_1373.0,ETH,0xa610723ada7889825bbb6e76dd9155b6ee0b8905,,,2021-10-14 10:33:50.122591944,1,Transaction Limitation,dianxiang_sun,True
DX_698.0,ETH,0xcd52c81a5b5b288b18767ac9dbea564f9d139c9f,,,2021-10-14 20:47:29.737302976,1,Transaction Limitation,dianxiang_sun,True
Lovely Inu Finance (LOVELY),ETH,,,,2021-10-15 00:00:00.000000000,1,,tm_rugpull,
DX_2141.0,ETH,0xaae1f51cf3339f18b6d3f3bdc75a5facd744b0b8,,,2021-10-15 07:01:09.352014008,1,Transaction Limitation,dianxiang_sun,True
DX_2289.0,ETH,0xaded0438139b495db87d3f70f0991336df97136f,,,2021-10-15 07:01:09.352014008,1,Transaction Limitation,dianxiang_sun,True
DX_171.0,ETH,0x650e3e3feab7736181b1a23953f3af6c0462e5f4,,,2021-10-16 13:42:08.196147104,1,Fee,dianxiang_sun,True
DX_1180.0,ETH,0xbe3415729d5fe14130f8c58c2e20cb13a205896e,,,2021-10-16 13:42:08.196147104,1,Transaction Limitation,dianxiang_sun,True
DX_342.0,ETH,0xfa456cf55250a839088b27ee32a424d7dacb54ff,,,2021-10-16 23:55:47.810858144,1,Transaction Limitation,dianxiang_sun,True
Fuck Thanos ($FTHANOS),ETH,,,,2021-10-19 00:00:00.000000000,1,,tm_rugpull,
Fodl (FODL),ETH,,,,2021-10-19 00:00:00.000000000,0,,tm_rugpull,
DX_1921.0,ETH,0x8baa21eefc1d97047aa6aafe8ae822eb7cca334f,,,2021-10-19 03:04:05.884413304,1,Transaction Limitation,dianxiang_sun,True
DX_1933.0,ETH,0xbd4290d6028cb7f85940d69693a41b1c2e49ed95,,,2021-10-19 23:31:25.113835376,1,Transaction Limitation,dianxiang_sun,True
DogeBonk.com (DOBO),BSC,,,,2021-10-20 00:00:00.000000000,0,,tm_rugpull,
DX_716.0,ETH,0xdd43f4c11fa3526246a876169735610ebdcd550b,,,2021-10-20 09:45:04.728546408,1,Transaction Limitation,dianxiang_sun,True
DX_1655.0,ETH,0xf73eaa313b80da46a67cf424af4f9630f7c17b85,,,2021-10-20 19:58:44.343257440,1,Transaction Limitation,dianxiang_sun,True
DX_1788.0,ETH,0xa7e2ee3fe835e08655ac4bfa3b022b6c016ada01,,,2021-10-21 06:12:23.957968472,1,Transaction Limitation,dianxiang_sun,True
DX_472.0,ETH,0x17216203f94009981de6747c2e4e5e90cc8985b9,,,2021-10-21 16:26:03.572679504,1,Transaction Limitation,dianxiang_sun,True
PolySnow (POLYSNOW),POLYGON,,,,2021-10-22 00:00:00.000000000,1,,tm_rugpull,
FC Lazio Fan Token (LAZIO),BSC,,,,2021-10-23 00:00:00.000000000,0,,tm_rugpull,
DX_2248.0,ETH,0xd87eaad7afb256c69526a490f402a658f12246fd,,,2021-10-23 09:20:42.031523640,1,Transaction Limitation,dianxiang_sun,True
CRP_20,Ethereum,0xA0ffC741F109159ee203424A299E6d2731dcFC76,,,2021-10-23 09:20:42.031523640,0,,crpwarner,True
Musky Swap (MUSKSWAP),ETH,,,,2021-10-24 00:00:00.000000000,1,,tm_rugpull,
Flare Token,BSC,,,,2021-10-24 00:00:00.000000000,1,,tm_rugpull,
DX_2138.0,ETH,0x95d34980095380851902ccd9a1fb4c813c2cb639,,,2021-10-24 16:01:40.875656744,1,Transaction Limitation,dianxiang_sun,True
DX_1848.0,ETH,0x42c361ade5f65fde44315eb713bf01c03f885adb,,,2021-10-25 02:15:20.490367776,1,Transaction Limitation,dianxiang_sun,True
CRP_15,Ethereum,0x831467b7B6BF9C705dC87899d48b57eE55C8d5cc,,,2021-10-25 02:15:20.490367776,1,,crpwarner,True
DX_737.0,ETH,0xb302a8e5da35eb272c810333f1b991d458ae4c26,,,2021-10-26 08:56:19.334500872,1,Transaction Limitation,dianxiang_sun,True
KingFund (KING),BSC,,,,2021-10-27 00:00:00.000000000,1,,tm_rugpull,
DX_2152.0,ETH,0x038e20839aebfe12b7956adcbc2511f6f7085164,,,2021-10-27 05:23:38.563922936,1,Transaction Limitation,dianxiang_sun,True
DX_2057.0,ETH,0x9b890d633a791efc91c61f1e99812ad2b9a3a4ab,,,2021-10-28 22:18:17.022767072,1,Transaction Limitation,dianxiang_sun,True
DX_1852.0,ETH,0x17690cf16a8bb4a4e7a0ba50736903f8149c2ed4,,,2021-10-29 08:31:56.637478104,1,Transaction Limitation,dianxiang_sun,True
DX_153.0,ETH,0xf1bc25b7d550aff145ed733f52daaa261ebd05ad,,,2021-10-29 18:45:36.252189136,1,Fee,dianxiang_sun,True
DX_1478.0,ETH,0xba7420597a0444a1d20d829d77377d886c451bb1,,,2021-10-29 18:45:36.252189136,1,Transaction Limitation,dianxiang_sun,True
DX_464.0,ETH,0x250530dd6ae7e1327e593dc8f34eae9c9a5e15e7,,,2021-10-30 15:12:55.481611208,1,Transaction Limitation,dianxiang_sun,True
DogeFinance (DOFI),ETH,,,,2021-10-31 00:00:00.000000000,1,,tm_rugpull,
DX_1072.0,ETH,0x71905035d493dceab8db441adcbf892c32e8b515,,,2021-10-31 01:26:35.096322240,1,Transaction Limitation,dianxiang_sun,True
DX_721.0,ETH,0x8d671c192fcccdbc652501e4dc953516b07c1682,,,2021-10-31 01:26:35.096322240,1,Transaction Limitation,dianxiang_sun,True
DX_448.0,ETH,0xf4606d25d7dde95020f9a783bbe0d73ef885436c,,,2021-10-31 11:40:14.711033272,1,Transaction Limitation,dianxiang_sun,True
TTTT (TTTT),BSC,,,,2021-11-01 00:00:00.000000000,1,,tm_rugpull,
DX_2354.0,ETH,0xdf77e4a81fba17e0cc39dba521aa4167f388ed7c,,,2021-11-01 08:07:33.940455336,1,Transaction Limitation,dianxiang_sun,True
DX_1390.0,ETH,0x1bccf41c420d1893f3c54812259f8f8bda566bbd,,,2021-11-01 08:07:33.940455336,1,Transaction Limitation,dianxiang_sun,True
DX_73.0,ETH,0x62677ebd650f0f4a674d098a37b29f32a956b438,,,2021-11-01 18:21:13.555166376,1,Fee,dianxiang_sun,True
FlokiMoon (FlokiMoon),BSC,,,,2021-11-02 00:00:00.000000000,1,,tm_rugpull,
BabyFlokiDoge (BABYFD),BSC,,,,2021-11-02 00:00:00.000000000,1,,tm_rugpull,
DX_2305.0,ETH,0x5ccfcdc1c88134993f48a898ae8e9e35853b2068,,,2021-11-02 04:34:53.169877408,1,Transaction Limitation,dianxiang_sun,True
SQUID GAME (SQUIDGAME),BSC,,,,2021-11-03 00:00:00.000000000,1,,tm_rugpull,
Atlantis (ATL),BSC,,,,2021-11-03 00:00:00.000000000,1,,tm_rugpull,
Clearpool (CPOOL),ETH,,,,2021-11-03 00:00:00.000000000,0,,tm_rugpull,
DX_2243.0,ETH,0xed710216da4b1416a78768790ca9aa3633ca110f,,,2021-11-03 11:15:52.014010504,1,Transaction Limitation,dianxiang_sun,True
DX_50.0,ETH,0x3f3c4047ad966abbaa08082e32c6932c145c36d0,,,2021-11-03 21:29:31.628721536,1,Fee,dianxiang_sun,True
DX_563.0,ETH,0x2aaf70300ce894a31c2952bcc2a6816767e75fa0,,,2021-11-03 21:29:31.628721536,1,Transaction Limitation,dianxiang_sun,True
DX_1357.0,ETH,0x922d24925acb720c381df7d90873543ea3cbdb4a,,,2021-11-03 21:29:31.628721536,1,Transaction Limitation,dianxiang_sun,True
DX_238.0,BSC,0xced59c3249f20ca36fba764bfdd9d94f471b3154,,,2021-11-04 07:43:11.243432576,1,Token Generation,dianxiang_sun,True
DX_1437.0,ETH,0x548bee37486551bea097e6f3abceda07f7af2065,,,2021-11-04 07:43:11.243432576,1,Transaction Limitation,dianxiang_sun,True
DX_1567.0,ETH,0x89568c7f8761acefc2931cec481b3d94443b4af8,,,2021-11-04 07:43:11.243432576,1,Transaction Limitation,dianxiang_sun,True
DX_2001.0,ETH,0xdf2385d2ad16261f2efb91a490e77a3eea86ffe3,,,2021-11-04 17:56:50.858143608,1,Transaction Limitation,dianxiang_sun,True
DX_787.0,ETH,0x399d1efdb35b2324df86d9583b920bea9fa56c62,,,2021-11-05 14:24:10.087565672,1,Transaction Limitation,dianxiang_sun,True
Santa Coin,BSC,,,,2021-11-06 00:00:00.000000000,1,,tm_rugpull,
DX_457.0,ETH,0xa42e7d7276a849fdd79ceae155c5db5bcac07329,,,2021-11-06 00:37:49.702276704,1,Transaction Limitation,dianxiang_sun,True
DX_1812.0,ETH,0xc840599efe25f9849375e2119fb6945035f70115,,,2021-11-06 10:51:29.316987736,1,Transaction Limitation,dianxiang_sun,True
DX_848.0,ETH,0xc30c378b2fc7dbc02572c85aff9ab909a72da916,,,2021-11-06 10:51:29.316987736,1,Transaction Limitation,dianxiang_sun,True
DX_692.0,ETH,0xa7296a9c8d2f620d5cc38ecdd930dfdec3923c60,,,2021-11-06 10:51:29.316987736,1,Transaction Limitation,dianxiang_sun,True
DX_2337.0,ETH,0xb91a6c5c6362b10db6440d690e5391bb1eabe591,,,2021-11-07 07:18:48.546409808,1,Transaction Limitation,dianxiang_sun,True
DX_626.0,ETH,0x9186798d55c1ea5c804db51675f8b21de5f42027,,,2021-11-07 17:32:28.161120840,1,Transaction Limitation,dianxiang_sun,True
DX_409.0,ETH,0x893bd178b673c97136bf5ad69ae0466de34ec576,,,2021-11-07 17:32:28.161120840,1,Transaction Limitation,dianxiang_sun,True
Ethereum Name Service (ENS),ETH,,,,2021-11-09 00:00:00.000000000,0,,tm_rugpull,
DX_2310.0,ETH,0x8d4eb49f0ed7ee6d6e00fc76ea3e9c3898bf219d,,,2021-11-09 20:40:46.234676008,1,Transaction Limitation,dianxiang_sun,True
Cheetah Token (CHEETAH),POLYGON,,,,2021-11-10 00:00:00.000000000,1,,tm_rugpull,
Swash Token (SWASH),ETH,,,,2021-11-10 00:00:00.000000000,0,,tm_rugpull,
DX_1135.0,ETH,0x745c386ddc3a316a777cb83b952d1c944f898a47,,,2021-11-10 06:54:25.849387040,1,Transaction Limitation,dianxiang_sun,True
DX_278.0,BSC,0x4BED6C95AeF12f6c3e680132Ba17b7FdFB79DB7d,,,2021-11-10 06:54:25.849387040,1,Transaction Limitation,dianxiang_sun,True
Pancake LPs (Cake-LP),BSC,,,,2021-11-11 00:00:00.000000000,1,,tm_rugpull,
DX_1133.0,ETH,0xf200c3b82b4f5baaca8898549ec3f3d7aa8f85af,,,2021-11-11 03:21:45.078809104,1,Transaction Limitation,dianxiang_sun,True
DX_1150.0,ETH,0x832f8716009bedea6eacf012e6dc8a7927c1bc9c,,,2021-11-11 03:21:45.078809104,1,Transaction Limitation,dianxiang_sun,True
DX_232.0,BSC,0x85aa3f04e539e426cbb55c0d584ea99cfe1d96a1,,,2021-11-11 23:49:04.308231168,1,Token Distribution,dianxiang_sun,True
Ethereum Name Service (ENS),ETH,,,,2021-11-12 00:00:00.000000000,0,,tm_rugpull,
DX_874.0,ETH,0x03ea25fd4503592b07864e25603a0e860bea300a,,,2021-11-12 10:02:43.922942208,1,Transaction Limitation,dianxiang_sun,True
GM (GM),ETH,,,,2021-11-13 00:00:00.000000000,0,,tm_rugpull,
APPLE (APPLE),BSC,,,,2021-11-14 00:00:00.000000000,1,,tm_rugpull,
DX_1646.0,ETH,0x661c7c7d2896ca6ca0797ccf392d88d47cac0efd,,,2021-11-14 02:57:22.381786336,1,Transaction Limitation,dianxiang_sun,True
DX_2163.0,ETH,0x4c7c98c4d64c29ef8103b005eeccf5145cfdf8c1,,,2021-11-14 13:11:01.996497368,1,Transaction Limitation,dianxiang_sun,True
DX_960.0,ETH,0x598912606b3a5f8b62e1e9a812b746665aa15416,,,2021-11-15 09:38:21.225919440,1,Transaction Limitation,dianxiang_sun,True
DX_241.0,BSC,0x9Bb6C19905c4EC8B8D10ceEd5ce1781885B137a9,,,2021-11-15 19:52:00.840630472,1,Token Generation,dianxiang_sun,True
GN (GN),ETH,,,,2021-11-16 00:00:00.000000000,1,,tm_rugpull,
DX_868.0,ETH,0xf41508920bfc0e78e8080ca1603aba6a363fc587,,,2021-11-16 06:05:40.455341504,1,Transaction Limitation,dianxiang_sun,True
DX_621.0,ETH,0x7984b2bff45bae100306cb9134962e8d4df3877a,,,2021-11-18 09:13:58.528896672,1,Transaction Limitation,dianxiang_sun,True
DX_1232.0,ETH,0xa99fa7e7c0ab4be09f9793f4df019c9216d27f14,,,2021-11-18 19:27:38.143607704,1,Transaction Limitation,dianxiang_sun,True
DX_637.0,ETH,0xc27bd1414dae954606f3c0d077c208034ed062f1,,,2021-11-20 02:08:36.987740800,1,Transaction Limitation,dianxiang_sun,True
DX_1716.0,ETH,0xb1a8cd63fb2b2b843fef9946025e3f04ff388c0c,,,2021-11-20 02:08:36.987740800,1,Transaction Limitation,dianxiang_sun,True
DX_1000.0,ETH,0xf6ec8d867a227ff5f84761407da1f85826c17797,,,2021-11-20 12:22:16.602451840,1,Transaction Limitation,dianxiang_sun,True
DX_2073.0,ETH,0x276172bd74ea9400a9754e5d4c8b0662f02d29ad,,,2021-11-20 22:35:56.217162872,1,Transaction Limitation,dianxiang_sun,True
Morpheus.Network (MNW),ETH,,,,2021-11-21 00:00:00.000000000,0,,tm_rugpull,
DX_262.0,BSC,0x7E5322704F37CCC4C40974B86669B4e1c8228ec8,,,2021-11-21 19:03:15.446584936,1,Token Generation,dianxiang_sun,True
Genopets (GENE),BSC,,,,2021-11-22 00:00:00.000000000,0,,tm_rugpull,
Kromatika (KROM),ETH,,,,2021-11-22 00:00:00.000000000,0,,tm_rugpull,
FIO Protocol (FIO),POLYGON,,,,2021-11-22 00:00:00.000000000,1,,tm_rugpull,
ok.lets.go. (OKLG),ETH,,,,2021-11-22 00:00:00.000000000,1,,tm_rugpull,
DX_99.0,ETH,0x716314375c5015dfd5327a122853cc392ca6afb6,,,2021-11-22 15:30:34.676007000,1,Fee,dianxiang_sun,True
FABWELT (WELT),BSC,,,,2021-11-23 00:00:00.000000000,0,,tm_rugpull,
HunterDoge (HDOGE),BSC,,,,2021-11-23 00:00:00.000000000,1,,tm_rugpull,
Boba Token (BOBA),ETH,,,,2021-11-24 00:00:00.000000000,0,,tm_rugpull,
DX_1034.0,ETH,0xc61cdaa8a989521205ef0d9b332b00aaf571a7ab,,,2021-11-24 08:25:13.134851136,1,Transaction Limitation,dianxiang_sun,True
DX_1382.0,ETH,0x884a5b1438588239bc4ec652538b12d620f8f083,,,2021-11-24 18:38:52.749562168,1,Transaction Limitation,dianxiang_sun,True
FlokiFarmToken (FLK),FANTOM,,,,2021-11-25 00:00:00.000000000,1,,tm_rugpull,
sparta (SPARTA),ETH,,,,2021-11-25 00:00:00.000000000,1,,tm_rugpull,
DX_734.0,ETH,0xadeb4bea795961be8b318fe53d84f9e8e6eadb45,,,2021-11-25 15:06:11.978984232,1,Transaction Limitation,dianxiang_sun,True
Playermon (PYM),POLYGON,,,,2021-11-26 00:00:00.000000000,0,,tm_rugpull,
DX_37.0,ETH,0xea38eaa3c86c8f9b751533ba2e562deb9acded40,,,2021-11-26 01:19:51.593695272,1,Destroy Token,dianxiang_sun,True
DX_1158.0,ETH,0x20e8df7c266183c63a04a7cd75eaf08b28deb300,,,2021-11-26 01:19:51.593695272,1,Transaction Limitation,dianxiang_sun,True
DX_1383.0,ETH,0x8f128f0fb62dc90e22260727c483d7ff9afb517b,,,2021-11-26 01:19:51.593695272,1,Transaction Limitation,dianxiang_sun,True
DX_835.0,ETH,0xdf8a9869001eac244a43c29ef8d0c7b2b2b26d3b,,,2021-11-26 11:33:31.208406304,1,Transaction Limitation,dianxiang_sun,True
DX_866.0,ETH,0x7aef61b98b222195a0a24390b790eb06b09fbd5f,,,2021-11-26 21:47:10.823117336,1,Transaction Limitation,dianxiang_sun,True
DX_2082.0,ETH,0x2f069a1d7a052052458e8b5511e91221eb337c52,,,2021-11-27 08:00:50.437828368,1,Transaction Limitation,dianxiang_sun,True
DX_1339.0,ETH,0x82267c56b05aff3742b997412b3aae32f9a087ae,,,2021-11-27 08:00:50.437828368,1,Transaction Limitation,dianxiang_sun,True
DX_1766.0,ETH,0xfdf36b68b510cc9e49f4f413624f23bd087e5a23,,,2021-11-29 00:55:28.896672504,1,Transaction Limitation,dianxiang_sun,True
Day Of Defeat (DOD),BSC,,,,2021-11-30 00:00:00.000000000,1,,tm_rugpull,
Vita Inu (VINU),ETH,,,,2021-11-30 00:00:00.000000000,0,,tm_rugpull,
DX_1647.0,ETH,0x8ad8b53c40cf3dfebd67e2c5bcd14ae61d6fa2a7,,,2021-11-30 07:36:27.740805600,1,Transaction Limitation,dianxiang_sun,True
DX_1551.0,ETH,0x38184f4b3b27a44579849eec9081a2fe1b7eca27,,,2021-11-30 17:50:07.355516632,1,Transaction Limitation,dianxiang_sun,True
CalorieCoin (CAL),ETH,,,,2021-12-01 00:00:00.000000000,1,,tm_rugpull,
ROBOT SHIB (RSHIB),BSC,,,,2021-12-01 00:00:00.000000000,1,,tm_rugpull,
DX_1838.0,ETH,0xbfd59dd51996d3dbb44435da5a26a4d0a89423c7,,,2021-12-01 04:03:46.970227672,1,Transaction Limitation,dianxiang_sun,True
DX_912.0,ETH,0xb9bc2635eaf45c13229cc1a0ce64cb5f071a7b07,,,2021-12-01 14:17:26.584938704,1,Transaction Limitation,dianxiang_sun,True
DX_1028.0,ETH,0x36c7c76a4f01cab01690e08ac37fdb033f91ae52,,,2021-12-01 14:17:26.584938704,1,Transaction Limitation,dianxiang_sun,True
KaraStar UMY (UMY),BSC,,,,2021-12-02 00:00:00.000000000,1,,tm_rugpull,
DX_797.0,ETH,0xdec9460056a57d8b97d1547d27b0c42ba75b3b62,,,2021-12-02 10:44:45.814360768,1,Transaction Limitation,dianxiang_sun,True
DX_162.0,ETH,0x8ad47fe7e5efdf6eec65d24930da27f9cf89e1ae,,,2021-12-02 20:58:25.429071800,1,Fee,dianxiang_sun,True
DX_1026.0,ETH,0x93fafefe6f4ddd4f844b1b154e6962f4f47e1726,,,2021-12-03 07:12:05.043782832,1,Transaction Limitation,dianxiang_sun,True
Aurora (AURORA),ETH,,,,2021-12-04 00:00:00.000000000,0,,tm_rugpull,
DX_2315.0,ETH,0x8bbf2d91e3c601df2c71c4ee98e87351922f8aa7,,,2021-12-04 13:53:03.887915936,1,Transaction Limitation,dianxiang_sun,True
DX_1891.0,ETH,0x450c8f49c1b85967c87d64542bbbf6b4d6bf6b87,,,2021-12-05 00:06:43.502626968,1,Transaction Limitation,dianxiang_sun,True
DX_824.0,ETH,0xcffe20953432513311367ebcfa87042ac955d0d9,,,2021-12-05 10:20:23.117338000,1,Transaction Limitation,dianxiang_sun,True
DX_119.0,ETH,0xec9cff1e8d43c17ac018121bf1729df08be60f5e,,,2021-12-05 20:34:02.732049032,1,Fee,dianxiang_sun,True
FC Santos Fan Token (SANTOS),BSC,,,,2021-12-06 00:00:00.000000000,0,,tm_rugpull,
FOCUS (FCS),ETH,,,,2021-12-06 00:00:00.000000000,1,,tm_rugpull,
CRP_31,Ethereum,0x9dB8a10C7FE60d84397860b3aF2E686D4F90C2b7,,,2021-12-06 06:47:42.346760064,1,,crpwarner,True
DX_971.0,ETH,0xfeacd6a8413890a72177d36b89d2fbf83c28155f,,,2021-12-06 17:01:21.961471104,1,Transaction Limitation,dianxiang_sun,True
DX_1980.0,ETH,0x7709826730475f4c3cbbfdf19f767caf50ac5d1c,,,2021-12-07 13:28:41.190893168,1,Transaction Limitation,dianxiang_sun,True
Victoria VR (VR),ETH,,,,2021-12-08 00:00:00.000000000,0,,tm_rugpull,
DX_974.0,ETH,0x6e84dc615892797164840d650b190dd86de09f43,,,2021-12-08 09:56:00.420315232,1,Transaction Limitation,dianxiang_sun,True
DX_2005.0,ETH,0x79d4f7fd515ab6f984d3114628afd3162c06de86,,,2021-12-09 16:36:59.264448336,1,Transaction Limitation,dianxiang_sun,True
CREDI [via ChainPort.io] (CREDI),BSC,,,,2021-12-10 00:00:00.000000000,0,,tm_rugpull,
DX_2220.0,ETH,0x4c4757b23526ba13876f8ef3efe973618266e3e8,,,2021-12-10 02:50:38.879159368,1,Transaction Limitation,dianxiang_sun,True
DX_1003.0,ETH,0x645194f4b498a0ba93c5761870f01e662e927e47,,,2021-12-10 13:04:18.493870400,1,Transaction Limitation,dianxiang_sun,True
Lets Go Farming Token (LGF),ETH,,,,2021-12-11 00:00:00.000000000,1,,tm_rugpull,
DX_76.0,ETH,0x692b6db503d5eae98f8674c5437d27b5559e39ca,,,2021-12-11 09:31:37.723292464,1,Fee,dianxiang_sun,True
DX_1292.0,ETH,0xe8654479238966e26118625fe5d51e3598dfb618,,,2021-12-11 19:45:17.338003504,1,Transaction Limitation,dianxiang_sun,True
DX_220.0,BSC,0x6185521d06f17ab5fbe187dc9a699c3c021090d5,,,2021-12-11 19:45:17.338003504,1,Proxy,dianxiang_sun,True
Bent Token (BENT),ETH,,,,2021-12-12 00:00:00.000000000,1,,tm_rugpull,
DX_856.0,ETH,0x76dd2f5287c29b0ca2ac454ed8275a8a91446e5f,,,2021-12-12 16:12:36.567425568,1,Transaction Limitation,dianxiang_sun,True
DX_654.0,ETH,0xb734978deaff04b56b5a609938279c909a080c04,,,2021-12-12 16:12:36.567425568,1,Transaction Limitation,dianxiang_sun,True
DX_1640.0,ETH,0x58aebb8f6e029fc644ba04ca9557f7c057f41d6e,,,2021-12-13 12:39:55.796847632,1,Transaction Limitation,dianxiang_sun,True
DX_203.0,ETH,0xf04e000a1f553519d4d94a1713110283e8b664de,,,2021-12-14 09:07:15.026269696,1,Fee,dianxiang_sun,True
DX_1163.0,ETH,0xd4c6e85f206b5ef53f3c064680d55358936f8798,,,2021-12-14 09:07:15.026269696,1,Transaction Limitation,dianxiang_sun,True
DX_1171.0,ETH,0x52ee27481e28ea9516b1d1176b8d237468016f7c,,,2021-12-14 19:20:54.640980736,1,Transaction Limitation,dianxiang_sun,True
DX_1464.0,ETH,0x93393b446f3073eb0ba5f85524ca04030ba5d39a,,,2021-12-15 15:48:13.870402800,1,Transaction Limitation,dianxiang_sun,True
DX_1400.0,ETH,0xf3afd0feac711f754d430de41ec0c7314a397ca1,,,2021-12-16 02:01:53.485113832,1,Transaction Limitation,dianxiang_sun,True
DX_2177.0,ETH,0x787080326e1f7e0eae490efdb18e90cfd0ae2692,,,2021-12-16 02:01:53.485113832,1,Transaction Limitation,dianxiang_sun,True
DX_1669.0,ETH,0x80af41f6866518761e831af25996d5076ed227bc,,,2021-12-16 12:15:33.099824864,1,Transaction Limitation,dianxiang_sun,True
DX_57.0,ETH,0xe053cf2bc6dd5e3e773f23606846859eddfe4925,,,2021-12-16 12:15:33.099824864,1,Fee,dianxiang_sun,True
DX_1214.0,ETH,0x966b80bc2a11ac845ba60108a6759935390e9294,,,2021-12-16 22:29:12.714535896,1,Transaction Limitation,dianxiang_sun,True
DX_919.0,ETH,0x14d6350e6cd20a6f8d40651766792bc2ea367aa0,,,2021-12-16 22:29:12.714535896,1,Transaction Limitation,dianxiang_sun,True
G.O.A.T Token (G.O.A.T),ETH,,,,2021-12-17 00:00:00.000000000,1,,tm_rugpull,
WeGro (WEGRO),BSC,,,,2021-12-17 00:00:00.000000000,1,,tm_rugpull,
DX_78.0,ETH,0x5f799c46ee8eaa7907c4d32008fcb28fcb2e2331,,,2021-12-17 18:56:31.943957968,1,Fee,dianxiang_sun,True
Galaxy Coin (GXY),BSC,,,,2021-12-18 00:00:00.000000000,1,,tm_rugpull,
DX_631.0,ETH,0xceb2a44f05f6129d4703fd786b3872de8f20eb0b,,,2021-12-18 05:10:11.558669000,1,Transaction Limitation,dianxiang_sun,True
DX_1529.0,ETH,0x5674d4536fcd7a924696078b15865c4fab9f3597,,,2021-12-18 15:23:51.173380032,1,Transaction Limitation,dianxiang_sun,True
DX_775.0,ETH,0xa9636222afa20e1511628dc1e0bde31a8ee12947,,,2021-12-18 15:23:51.173380032,1,Transaction Limitation,dianxiang_sun,True
VOXEL Token (VOXEL),POLYGON,,,,2021-12-19 00:00:00.000000000,0,,tm_rugpull,
DX_2158.0,ETH,0x33b44a1d150f3feaa40503ad20a75634adc39b18,,,2021-12-19 11:51:10.402802096,1,Transaction Limitation,dianxiang_sun,True
DX_292.0,ETH,0x5d93d92324162a75e5cb3001b0f753c50144e6ab,,,2021-12-19 11:51:10.402802096,1,Transaction Limitation,dianxiang_sun,True
DX_2094.0,ETH,0x74808c86c6f0bc6f59a3a1430ddfcd2e29952eac,,,2021-12-19 22:04:50.017513136,1,Transaction Limitation,dianxiang_sun,True
DX_461.0,ETH,0x847ca98b89c76d13df3f0a3516f5dadd2f024403,,,2021-12-19 22:04:50.017513136,1,Transaction Limitation,dianxiang_sun,True
DX_2219.0,ETH,0xde82658c23f034d71827c215fdfbce0d4e248ccd,,,2021-12-19 22:04:50.017513136,1,Transaction Limitation,dianxiang_sun,True
CommEX (CMX),BSC,,,,2021-12-20 00:00:00.000000000,1,,tm_rugpull,
DX_1954.0,ETH,0x767d40451677070dc550f24bb5671a5ef2f4df6b,,,2021-12-20 08:18:29.632224168,1,Transaction Limitation,dianxiang_sun,True
DX_952.0,ETH,0xb84a5258db8c4972acc4e16e207c103d1ff92307,,,2021-12-20 08:18:29.632224168,1,Transaction Limitation,dianxiang_sun,True
WAM (WAM),BSC,,,,2021-12-21 00:00:00.000000000,0,,tm_rugpull,
DX_984.0,ETH,0x68c525a7574509659ba27c38a1e4e5550f6711c4,,,2021-12-21 04:45:48.861646232,1,Transaction Limitation,dianxiang_sun,True
DX_2236.0,ETH,0x85044611b5954739dbde0ccb9aae6bb18e38e38b,,,2021-12-22 21:40:27.320490368,1,Transaction Limitation,dianxiang_sun,True
DX_986.0,ETH,0xc5d87f9fac0f678bd1dcdb72d26d1796a209cf3a,,,2021-12-22 21:40:27.320490368,1,Transaction Limitation,dianxiang_sun,True
DX_2195.0,ETH,0x78c2a1e91b52bca4130b6ed9edd9fbcfd4671c37,,,2021-12-23 07:54:06.935201400,1,Transaction Limitation,dianxiang_sun,True
DX_1205.0,ETH,0x64e57b5a16998874bd93d317e659da96e868ddcc,,,2021-12-23 07:54:06.935201400,1,Transaction Limitation,dianxiang_sun,True
izumi Token (iZi),ETH,,,,2021-12-24 00:00:00.000000000,0,,tm_rugpull,
DX_1256.0,ETH,0xe1959dfa7c5d47c4c569e8409e0f50d6986c75dc,,,2021-12-24 14:35:05.779334496,1,Transaction Limitation,dianxiang_sun,True
DX_161.0,ETH,0x5f5b7520ef0bbcec1495ae7833513e92f8a91725,,,2021-12-24 14:35:05.779334496,1,Fee,dianxiang_sun,True
CryptoBike,BSC,,,,2021-12-25 00:00:00.000000000,1,,tm_rugpull,
SOS (SOS),ETH,,,,2021-12-25 00:00:00.000000000,0,,tm_rugpull,
DX_746.0,ETH,0xa1b4a12ae2dd4469843730ce39ea61d643d5a9a9,,,2021-12-25 00:48:45.394045528,1,Transaction Limitation,dianxiang_sun,True
DX_1025.0,ETH,0xe2ba684bd2eb4a12e85dfb984db7a4dc24c2ca3f,,,2021-12-25 00:48:45.394045528,1,Transaction Limitation,dianxiang_sun,True
DX_1885.0,ETH,0xe61c316eeb0a6d86dc9feb788ce176d07a49ec49,,,2021-12-25 21:16:04.623467600,1,Transaction Limitation,dianxiang_sun,True
DX_194.0,ETH,0x9d63fe41ab6faccc473898d3ee153a73c93b6227,,,2021-12-25 21:16:04.623467600,1,Fee,dianxiang_sun,True
DX_2109.0,ETH,0x752406cbfd32593fc422da69cdd702d1eaadc121,,,2021-12-26 07:29:44.238178632,1,Transaction Limitation,dianxiang_sun,True
HUMANS (HEART),ETH,,,,2021-12-28 00:00:00.000000000,1,,tm_rugpull,
DX_1326.0,ETH,0x63b02de51c16783f2f187b4ac94d31961a0426f8,,,2021-12-28 00:24:22.697022768,1,Transaction Limitation,dianxiang_sun,True
SIDUS (SIDUS),ETH,,,,2021-12-29 00:00:00.000000000,0,,tm_rugpull,
DX_150.0,ETH,0x7c720d67b2b68cf96ba715844cd592432f844eef,,,2021-12-29 07:05:21.541155864,1,Fee,dianxiang_sun,True
DX_311.0,ETH,0x445f51299ef3307dbd75036dd896565f5b4bf7a5,,,2021-12-29 17:19:01.155866896,1,Transaction Limitation,dianxiang_sun,True
DragonBite (BITE),ETH,,,,2021-12-30 00:00:00.000000000,1,,tm_rugpull,
DX_371.0,ETH,0xda2e0aa8f697db190c32034894cf9731f6619960,,,2021-12-30 03:32:40.770577928,1,Transaction Limitation,dianxiang_sun,True
DX_1734.0,ETH,0xfbfe32286a18d74ba5a30953ad1d58bf5e89f705,,,2021-12-30 03:32:40.770577928,1,Transaction Limitation,dianxiang_sun,True
DX_666.0,ETH,0x81a2f942151d486cdcb49fe56d6d34c6b86339f2,,,2021-12-31 00:00:00.000000000,1,Transaction Limitation,dianxiang_sun,True
DX_439.0,ETH,0xb7b53ec82353ee74e19e7bbfa6be1d2e3bfaaa09,,,2021-12-31 10:13:39.614711032,1,Transaction Limitation,dianxiang_sun,True
DX_1146.0,ETH,0x91d5c702324fcaabf141525ed5bd5799dde041ed,,,2021-12-31 20:27:19.229422064,1,Transaction Limitation,dianxiang_sun,True
Shibabydoge (SBD),ETH,,,,2022-01-01 00:00:00.000000000,1,,tm_rugpull,
DX_455.0,ETH,0x978d20bc2a6767917c9f48c7a4c5e95961802453,,,2022-01-01 16:54:38.458844128,1,Transaction Limitation,dianxiang_sun,True
MagicCraft (MCRT),BSC,,,,2022-01-02 00:00:00.000000000,0,,tm_rugpull,
DX_85.0,ETH,0x83ec4ff9692341cedce8a0c1d625345b5d7265bc,,,2022-01-02 03:08:18.073555160,1,Fee,dianxiang_sun,True
DX_146.0,ETH,0x3c1d22c5ce437c5a476fe73b9457ae8252d43e81,,,2022-01-02 03:08:18.073555160,1,Fee,dianxiang_sun,True
DX_2144.0,ETH,0x858c9eaf3ace37d2bedb4a1eb6b8805ffe801bba,,,2022-01-02 13:21:57.688266200,1,Transaction Limitation,dianxiang_sun,True
Metaland DAO (META),BSC,,,,2022-01-03 00:00:00.000000000,1,,tm_rugpull,
DAOSWAP (DAOSWAP),ETH,,,,2022-01-03 00:00:00.000000000,1,,tm_rugpull,
DX_1779.0,ETH,0x52e02c7c7b7a6ab76245ad1a0f9a38d7c50fb3fb,,,2022-01-03 09:49:16.917688264,1,Transaction Limitation,dianxiang_sun,True
DX_542.0,ETH,0x85ce92a0b2d5c19bbf07d795bc04927d47299f67,,,2022-01-03 20:02:56.532399296,1,Transaction Limitation,dianxiang_sun,True
DX_920.0,ETH,0xcc820e67f25c3e755b1fc3f1d681bf66315d6996,,,2022-01-03 20:02:56.532399296,1,Transaction Limitation,dianxiang_sun,True
ARBIX (ARBX),BSC,,,,2022-01-04 00:00:00.000000000,1,,tm_rugpull,
Coinweb (CWEB),ETH,,,,2022-01-04 00:00:00.000000000,0,,tm_rugpull,
DX_2031.0,ETH,0x3c54c7e07d92248fa59f0185a9cc373b79a53818,,,2022-01-04 16:30:15.761821360,1,Transaction Limitation,dianxiang_sun,True
DX_928.0,ETH,0x6076e74fc2d140d12f156fe471001a9c934f1064,,,2022-01-05 02:43:55.376532400,1,Transaction Limitation,dianxiang_sun,True
DX_1076.0,ETH,0x82b92feb4ead0be7006ac7d29c3e3554ffa7aa52,,,2022-01-05 02:43:55.376532400,1,Transaction Limitation,dianxiang_sun,True
DX_672.0,ETH,0xd95f441a49ed4665cae6ff3b01662d115dc5ca05,,,2022-01-05 12:57:34.991243432,1,Transaction Limitation,dianxiang_sun,True
Kosta Finance (KOSTA),ETH,,,,2022-01-06 00:00:00.000000000,1,,tm_rugpull,
DX_431.0,ETH,0x2ec4185f5d409c654b9e7853313a173e91f00436,,,2022-01-06 09:24:54.220665496,1,Transaction Limitation,dianxiang_sun,True
CRP_37,Ethereum,0x9D52414c4cc1Fb8e7864A9B59495F430f8E5DE44,,,2022-01-06 19:38:33.835376528,0,,crpwarner,True
DX_613.0,ETH,0x685e746c564934fecdac6d6ccaadbb53438ed0c9,,,2022-01-07 05:52:13.450087560,1,Transaction Limitation,dianxiang_sun,True
DX_999.0,ETH,0x69a14e73f6dc5de4b07212744fcc76b714edda7e,,,2022-01-08 02:19:32.679509632,1,Transaction Limitation,dianxiang_sun,True
DX_438.0,ETH,0x34dea1ef42ec430e690e5cfdccef60d164c27cca,,,2022-01-08 22:46:51.908931696,1,Transaction Limitation,dianxiang_sun,True
DX_2207.0,ETH,0xc6389ef3d79cf17a5d103bd0f06f83cf76b14258,,,2022-01-09 09:00:31.523642728,1,Transaction Limitation,dianxiang_sun,True
DX_1092.0,ETH,0xb7f624ded791c262dff65517a335ba1c0700037e,,,2022-01-09 09:00:31.523642728,1,Transaction Limitation,dianxiang_sun,True
DX_1138.0,ETH,0x3cdf76cd5ad0c9cd1ecb3dcfe204379a767a3dbf,,,2022-01-10 15:41:30.367775832,1,Transaction Limitation,dianxiang_sun,True
CRP_44,Ethereum,0xAAf8c293Ed36989D1871d2310B2845450d885673,,,2022-01-11 12:08:49.597197896,0,,crpwarner,True
DX_1928.0,ETH,0x735b2398cd2ec4c791a7c2c89164b044c444058a,,,2022-01-11 12:08:49.597197896,1,Transaction Limitation,dianxiang_sun,True
DX_2050.0,ETH,0x8d2574eb205d3e02a821fdf247ea55a2272f9b06,,,2022-01-13 05:03:28.056042032,1,Transaction Limitation,dianxiang_sun,True
LooksRare Token (LOOKS),ETH,,,,2022-01-14 00:00:00.000000000,0,,tm_rugpull,
DX_1060.0,ETH,0x58d5736ede923a04053c9177f691abfef462896d,,,2022-01-14 01:30:47.285464096,1,Transaction Limitation,dianxiang_sun,True
CRP_68,Ethereum,0x82902C20c5826984588dcd2dfCC322e05DCc435c,,,2022-01-14 11:44:26.900175128,1,,crpwarner,True
DX_1562.0,ETH,0xfb8b47984004c6f8b70ca2e4180b276a4b21e808,,,2022-01-15 08:11:46.129597192,1,Transaction Limitation,dianxiang_sun,True
DX_1775.0,ETH,0xb4a66a32f473f3b3db054d99b91867bece56c937,,,2022-01-15 08:11:46.129597192,1,Transaction Limitation,dianxiang_sun,True
DX_937.0,ETH,0xfa19cee60d6e6a9fd18bd2e316fd66192713a1c5,,,2022-01-15 08:11:46.129597192,1,Transaction Limitation,dianxiang_sun,True
DX_1030.0,ETH,0x00e25f0fd5d6a36c252398ca14f3f29128cf5bf9,,,2022-01-15 08:11:46.129597192,1,Transaction Limitation,dianxiang_sun,True
DX_499.0,ETH,0x2e75fdc7b4828f6d2ef56f97c7e495902fb9c1f3,,,2022-01-15 08:11:46.129597192,1,Transaction Limitation,dianxiang_sun,True
Wrapped GLMR (WGLMR),ETH,,,,2022-01-16 00:00:00.000000000,0,,tm_rugpull,
DX_1119.0,ETH,0xa2054b1cf61b12dd4cc16f6c181b98486ed931aa,,,2022-01-16 04:39:05.359019264,1,Transaction Limitation,dianxiang_sun,True
DX_1408.0,ETH,0xa49d360a08574c5dd9a989bf0ebb3501ba031c80,,,2022-01-16 14:52:44.973730296,1,Transaction Limitation,dianxiang_sun,True
DX_1898.0,ETH,0x491d714835b56b6351c8fd474bfb94f9cb6e78bb,,,2022-01-16 14:52:44.973730296,1,Transaction Limitation,dianxiang_sun,True
DX_1443.0,ETH,0xb3bf79ef025bba6f1e413137c7885ee046b30c72,,,2022-01-16 14:52:44.973730296,1,Transaction Limitation,dianxiang_sun,True
Olympus (OHM),ETH,,,,2022-01-17 00:00:00.000000000,0,,tm_rugpull,
DX_1936.0,ETH,0x2d33b7c92d70ec5102c7422529e65a7ea867ed61,,,2022-01-17 01:06:24.588441328,1,Transaction Limitation,dianxiang_sun,True
iwr (IWR),BSC,,,,2022-01-18 00:00:00.000000000,1,,tm_rugpull,
DX_539.0,ETH,0x06bd805ddf2dbc38bb109cbc4346c4ab7021f202,,,2022-01-18 07:47:23.432574432,1,Transaction Limitation,dianxiang_sun,True
DX_686.0,ETH,0x1665424ada17538d56077b038ae27fdd405c7c36,,,2022-01-18 18:01:03.047285464,1,Transaction Limitation,dianxiang_sun,True
Mercenary Gold (MGOLD),BSC,,,,2022-01-19 00:00:00.000000000,1,,tm_rugpull,
DX_2245.0,ETH,0xdda2044b39fdb4db77ac085866179c548e5d0f15,,,2022-01-19 14:28:22.276707528,1,Transaction Limitation,dianxiang_sun,True
DX_2359.0,BSC,0xc31D21997Bd6394793a03774F0386aEf59B687f5,,,2022-01-20 21:09:21.120840624,1,Vulnerability,dianxiang_sun,True
beefy.finance (BIFI),BSC,,,,2022-01-21 00:00:00.000000000,0,,tm_rugpull,
Shopin Token (SHOP),ETH,,,,2022-01-22 00:00:00.000000000,1,,tm_rugpull,
DX_1948.0,ETH,0x36c9ca0ebb4bb6b33db0eaee6f5323814f357cb1,,,2022-01-22 14:03:59.579684760,1,Transaction Limitation,dianxiang_sun,True
DX_1632.0,ETH,0x8477415848c418b82ffa211ebcd15a1d44dfb594,,,2022-01-22 14:03:59.579684760,1,Transaction Limitation,dianxiang_sun,True
DX_236.0,BSC,0x93023f1d3525e273f291b6f76d2f5027a39bf302,,,2022-01-23 20:44:58.423817864,1,Token Generation,dianxiang_sun,True
DX_2087.0,ETH,0x4fdc2078d8bc92e1ee594759d7362f94b60b1a3d,,,2022-01-24 06:58:38.038528896,1,Transaction Limitation,dianxiang_sun,True
DX_1302.0,ETH,0xda4dcb669fcdb2fe20806052cd4e337bf39b19b5,,,2022-01-25 13:39:36.882661992,1,Transaction Limitation,dianxiang_sun,True
DX_1315.0,ETH,0xec898ddc6efc35dd3a509d029e439e4a80efe1bf,,,2022-01-25 23:53:16.497373024,1,Transaction Limitation,dianxiang_sun,True
DX_1419.0,ETH,0xe5182c28472d6ea4ef5b5edb6d3b13ca25d1f041,,,2022-01-26 20:20:35.726795096,1,Transaction Limitation,dianxiang_sun,True
HyperVerse Token (HVT),BSC,,,,2022-01-27 00:00:00.000000000,1,,tm_rugpull,
DX_1067.0,ETH,0xcc9d5b36ff1cc89c889f15471958b86f0f87c71f,,,2022-01-27 06:34:15.341506128,1,Transaction Limitation,dianxiang_sun,True
DX_2014.0,ETH,0xb5cb837467e5b95ff1a7b569fe8eeb9e05f0f06f,,,2022-01-27 16:47:54.956217160,1,Transaction Limitation,dianxiang_sun,True
DX_2261.0,ETH,0xb49b1dddf1b3d6e878fd9b73874da7ab0da7e004,,,2022-01-27 16:47:54.956217160,1,Transaction Limitation,dianxiang_sun,True
Throne (THN),ETH,,,,2022-01-28 00:00:00.000000000,0,,tm_rugpull,
DX_1340.0,ETH,0xe6b430e688b76ac89588c587cf8d35e96df88b15,,,2022-01-28 03:01:34.570928192,1,Transaction Limitation,dianxiang_sun,True
DX_894.0,ETH,0x7f8fe1c63dd4da8eeca9f1dd69f30bc8cedaa83b,,,2022-01-28 13:15:14.185639224,1,Transaction Limitation,dianxiang_sun,True
DX_1440.0,ETH,0x5f44892bc4430039a935166f4e08137341fb6401,,,2022-01-28 13:15:14.185639224,1,Transaction Limitation,dianxiang_sun,True
DX_796.0,ETH,0x6ce9ed976f40d6615fe6a88ae7d7dc9928f30cc3,,,2022-01-28 23:28:53.800350256,1,Transaction Limitation,dianxiang_sun,True
DX_2198.0,ETH,0xc7f4ade4874e06a20fab9c5dc4f1dd8b6d85faf2,,,2022-01-28 23:28:53.800350256,1,Transaction Limitation,dianxiang_sun,True
Fringe (FRIN),ETH,,,,2022-01-29 00:00:00.000000000,0,,tm_rugpull,
UNIC (UNIC),ETH,,,,2022-01-29 00:00:00.000000000,0,,tm_rugpull,
Chedda Token (CHEDDA),ETH,,,,2022-01-29 00:00:00.000000000,1,,tm_rugpull,
SOMESING (SSX),BSC,,,,2022-01-30 00:00:00.000000000,1,,tm_rugpull,
DX_35.0,ETH,0xd4c435f5b09f855c3317c8524cb1f586e42795fa,,,2022-01-30 16:23:32.259194392,1,Destroy Token,dianxiang_sun,True
DX_418.0,ETH,0x5c0dae5f865a8c03dd95ea0b940e8e033b088820,,,2022-01-30 16:23:32.259194392,1,Transaction Limitation,dianxiang_sun,True
Ambire Wallet (WALLET),ETH,,,,2022-01-31 00:00:00.000000000,0,,tm_rugpull,
DX_967.0,ETH,0x93c2c7cf7efb87f140a3a79ae647bbc85d23b630,,,2022-01-31 12:50:51.488616456,1,Transaction Limitation,dianxiang_sun,True
DX_1399.0,ETH,0x0f6d25140fc3a0e1c67adef4630575241f7e9d27,,,2022-01-31 12:50:51.488616456,1,Transaction Limitation,dianxiang_sun,True
DX_1404.0,ETH,0x5528e45d0c3426f17a1264dd6d0c323b4f1d9912,,,2022-01-31 23:04:31.103327496,1,Transaction Limitation,dianxiang_sun,True
DX_2338.0,ETH,0x0bf0f154b176c5d90f24e506f10f7f583eb5334d,,,2022-02-01 19:31:50.332749560,1,Transaction Limitation,dianxiang_sun,True
DX_724.0,ETH,0x8eb5abf65d17b09cb94ff8a7731767a417d3bbce,,,2022-02-02 05:45:29.947460592,1,Transaction Limitation,dianxiang_sun,True
Safuu Protocol,BSC,,,,2022-02-03 00:00:00.000000000,1,,tm_rugpull,
CHEELEE (CHEEL),BSC,,,,2022-02-03 00:00:00.000000000,0,,tm_rugpull,
DX_1151.0,ETH,0x141c1a97a47ae020939ab1110a954633a0bc920a,,,2022-02-03 22:40:08.406304728,1,Transaction Limitation,dianxiang_sun,True
DX_252.0,BSC,0x5B162A19E04D2Fa4BBB5707674C8C3CdB0aE9673,,,2022-02-03 22:40:08.406304728,1,Token Generation,dianxiang_sun,True
DX_429.0,ETH,0x865385f4bcfb07ce0bc09638c47019349dfb5d39,,,2022-02-03 22:40:08.406304728,1,Transaction Limitation,dianxiang_sun,True
DX_792.0,ETH,0x80448c6e335242167a9bfe24887928a90dcd7e0a,,,2022-02-04 08:53:48.021015760,1,Transaction Limitation,dianxiang_sun,True
DX_1528.0,ETH,0x601cb558052b50fc975b8e35dae8853f1c96a1cf,,,2022-02-04 19:07:27.635726792,1,Transaction Limitation,dianxiang_sun,True
DX_182.0,ETH,0xa64f0e7b592228cdf74083e382516b8e32d846e8,,,2022-02-05 15:34:46.865148856,1,Fee,dianxiang_sun,True
Perion Credits (PERC),ETH,,,,2022-02-06 00:00:00.000000000,0,,tm_rugpull,
DX_1165.0,ETH,0x277b5945076be047a1f652b954050a694f85b759,,,2022-02-06 01:48:26.479859896,1,Transaction Limitation,dianxiang_sun,True
DX_977.0,ETH,0x5a0109c5d877e89f2b5c80ca127907f790095973,,,2022-02-06 01:48:26.479859896,1,Transaction Limitation,dianxiang_sun,True
DX_491.0,ETH,0x3b976065af6b99c3db0edc065f32806f5b71acdb,,,2022-02-06 01:48:26.479859896,1,Transaction Limitation,dianxiang_sun,True
DX_101.0,ETH,0x910d4d0e099ecdd4b75523d8fba40a7c02e582f3,,,2022-02-06 01:48:26.479859896,1,Fee,dianxiang_sun,True
DX_2129.0,ETH,0xbe4041d55db380c5ae9d4a9b9703f1ed4e7e3888,,,2022-02-06 12:02:06.094570928,1,Transaction Limitation,dianxiang_sun,True
DX_1086.0,ETH,0xe66fd80a0483e130982e3dcd8683c6fe2f07d9e9,,,2022-02-06 12:02:06.094570928,1,Transaction Limitation,dianxiang_sun,True
DX_1016.0,ETH,0x68b48e978fb4748b9d67f520db1df2e9cbd437ab,,,2022-02-06 12:02:06.094570928,1,Transaction Limitation,dianxiang_sun,True
CRP_60,Ethereum,0x1c5Ee1FFeBeC5F3E1686e8E59d43F96A3c702B7f,,,2022-02-06 22:15:45.709281960,0,,crpwarner,True
DX_830.0,ETH,0xc7d6f3724b0e4322911f8751469b50503dcf384f,,,2022-02-06 22:15:45.709281960,1,Transaction Limitation,dianxiang_sun,True
DX_86.0,ETH,0x212964dde24a034e95f35564fd04533c33a62f3c,,,2022-02-08 04:56:44.553415056,1,Fee,dianxiang_sun,True
DOXED (DOX),BSC,,,,2022-02-10 00:00:00.000000000,1,,tm_rugpull,
DX_1994.0,ETH,0xcb1427add2b5be25dfff7043f2de8204a0d37ad4,,,2022-02-10 18:18:42.241681256,1,Transaction Limitation,dianxiang_sun,True
DX_925.0,ETH,0xea822d8a8c783fd7aa5975918a73c37cdff807e6,,,2022-02-10 18:18:42.241681256,1,Transaction Limitation,dianxiang_sun,True
DX_657.0,ETH,0x07f1123f7b13d974f0f1f02b0b7f1a77d5280e35,,,2022-02-11 04:32:21.856392288,1,Transaction Limitation,dianxiang_sun,True
DX_875.0,ETH,0xa83feedfc28432971780dc7d05d1d71a10061b70,,,2022-02-12 00:59:41.085814360,1,Transaction Limitation,dianxiang_sun,True
DX_1354.0,ETH,0xcf113143438b3d3cc76d4b5f0c1ac298e5094ce9,,,2022-02-12 11:13:20.700525392,1,Transaction Limitation,dianxiang_sun,True
DOGETAMA (DOGETAMA),ETH,,,,2022-02-14 00:00:00.000000000,1,,tm_rugpull,
DX_1573.0,ETH,0xf5bd484ee6790b297520bca0e09812a6836a9da9,,,2022-02-14 04:07:59.159369528,1,Transaction Limitation,dianxiang_sun,True
CRP_39,Ethereum,0xdE9E52F1838951e4d2bb6C59723B003c353979b6,,,2022-02-14 04:07:59.159369528,1,,crpwarner,True
DX_1985.0,ETH,0x0bf6cbb1fcdefc331781465f91b3a708efdcc4f8,,,2022-02-14 14:21:38.774080560,1,Transaction Limitation,dianxiang_sun,True
DX_1540.0,ETH,0x741c4da3a77562edc4df5d9e385cc121d8e46af2,,,2022-02-14 14:21:38.774080560,1,Transaction Limitation,dianxiang_sun,True
DX_1084.0,ETH,0x09109207a37edda0444270f3562c4299158376e7,,,2022-02-15 10:48:58.003502624,1,Transaction Limitation,dianxiang_sun,True
DX_550.0,ETH,0x022a9b227be86a5509ae0f039c736478cbfac8e3,,,2022-02-15 21:02:37.618213656,1,Transaction Limitation,dianxiang_sun,True
DX_460.0,ETH,0x7778cffc6e7548c10444607d8cbd61fd90a0d9d8,,,2022-02-15 21:02:37.618213656,1,Transaction Limitation,dianxiang_sun,True
UniCoin (UNI),ETH,,,,2022-02-16 00:00:00.000000000,1,,tm_rugpull,
Everdome (DOME),BSC,,,,2022-02-16 00:00:00.000000000,0,,tm_rugpull,
Shi DAO (ShiD),BSC,,,,2022-02-17 00:00:00.000000000,1,,tm_rugpull,
DX_132.0,ETH,0x581d66ef38904d8b6292d1a70aef19e67f596fcf,,,2022-02-17 03:43:36.462346760,1,Fee,dianxiang_sun,True
DX_2127.0,ETH,0xff5a11c0442028ee2a60d31e6ebb3cbac121ffe5,,,2022-02-18 00:10:55.691768824,1,Transaction Limitation,dianxiang_sun,True
DX_1630.0,ETH,0xfb555efcd7a681a9c3cb5d90935eb9c48e8d340b,,,2022-02-18 20:38:14.921190888,1,Transaction Limitation,dianxiang_sun,True
DX_1862.0,ETH,0x20738c1633f56d0d8471acaba784af988930acbf,,,2022-02-19 17:05:34.150612960,1,Transaction Limitation,dianxiang_sun,True
DX_376.0,ETH,0xf69a9b73a45e8ce7fd75bc0e7773824c585f6f35,,,2022-02-19 17:05:34.150612960,1,Transaction Limitation,dianxiang_sun,True
Jejudoge V2 (JEJUDOGEv2&#128021;),ETH,,,,2022-02-20 00:00:00.000000000,1,,tm_rugpull,
DX_675.0,ETH,0xb825f942164e24228c8c4a4f51c913cfb7d59244,,,2022-02-20 03:19:13.765323992,1,Transaction Limitation,dianxiang_sun,True
DX_2281.0,ETH,0xcea86636608bacb632dfd1606a0dc1728b625387,,,2022-02-20 13:32:53.380035024,1,Transaction Limitation,dianxiang_sun,True
DX_1967.0,ETH,0x448a08af746b907fc1c7c39e302ec447e97cf59d,,,2022-02-20 13:32:53.380035024,1,Transaction Limitation,dianxiang_sun,True
DX_2171.0,ETH,0x5c8546a7b86ba30202c09a84f5a72644a2a4f7ba,,,2022-02-20 23:46:32.994746056,1,Transaction Limitation,dianxiang_sun,True
DX_2169.0,ETH,0x58978e8caccf56fadaa80ef52f5c684045306839,,,2022-02-20 23:46:32.994746056,1,Transaction Limitation,dianxiang_sun,True
DX_1757.0,ETH,0x68c56045028cc2475a4879b9977471947f7ff14b,,,2022-02-21 10:00:12.609457088,1,Transaction Limitation,dianxiang_sun,True
DX_718.0,ETH,0xeb01432b191974045645c8a4e61c0c343724530a,,,2022-02-21 10:00:12.609457088,1,Transaction Limitation,dianxiang_sun,True
DX_339.0,ETH,0xf02b85793abf048335f7044f32c7877f6e4a943d,,,2022-02-22 06:27:31.838879160,1,Transaction Limitation,dianxiang_sun,True
DX_680.0,ETH,0x4df16391b4674426f63893c1c67f7a394c40bd43,,,2022-02-22 16:41:11.453590192,1,Transaction Limitation,dianxiang_sun,True
Threshold Network Token,ETH,,,,2022-02-23 00:00:00.000000000,0,,tm_rugpull,
TAP Coin (TAP),BSC,,,,2022-02-24 00:00:00.000000000,0,,tm_rugpull,
DX_752.0,ETH,0xb3eff655e1113fd510edf7ed94be2b0ee217cd3d,,,2022-02-24 09:35:49.912434320,1,Transaction Limitation,dianxiang_sun,True
DX_547.0,ETH,0x8296bbfd4a8c60edc484cd0e4610ce2e12718c16,,,2022-02-24 09:35:49.912434320,1,Transaction Limitation,dianxiang_sun,True
ALPINE Fan Token (ALPINE),BSC,,,,2022-02-25 00:00:00.000000000,0,,tm_rugpull,
MetaSwap (MSC),BSC,,,,2022-02-26 00:00:00.000000000,1,,tm_rugpull,
DX_1830.0,ETH,0x96b289b8428d05eab36ef41c523fda1293bcf4e0,,,2022-02-26 02:30:28.371278456,1,Transaction Limitation,dianxiang_sun,True
DX_1294.0,ETH,0xdac1d2cf79b5211bafba652c8f1df33c56ce3a71,,,2022-02-27 09:11:27.215411552,1,Transaction Limitation,dianxiang_sun,True
DX_1018.0,ETH,0xa837efd4500966a45148073f57fa855205597612,,,2022-02-27 19:25:06.830122592,1,Transaction Limitation,dianxiang_sun,True
Milo Inu (MILO),ETH,,,,2022-02-28 00:00:00.000000000,1,,tm_rugpull,
DX_308.0,ETH,0x98c0a763de628863f0afb9d75eeee9ad06b18c8e,,,2022-02-28 05:38:46.444833624,1,Transaction Limitation,dianxiang_sun,True
DX_2360.0,ETH,0x4ef66E564e89a60041EeBcE4716E142626C2f2F4,,,2022-02-28 05:38:46.444833624,1,Vulnerability,dianxiang_sun,True
DX_1040.0,ETH,0x165569b8cb75c44e2c884a5aa51f427153dff11a,,,2022-02-28 05:38:46.444833624,1,Transaction Limitation,dianxiang_sun,True
DX_593.0,ETH,0xa11af803ac1f7b6638f734a4d001c392c48b162a,,,2022-02-28 05:38:46.444833624,1,Transaction Limitation,dianxiang_sun,True
DX_351.0,ETH,0x7e0d051ec68668d603c4e33255d1aed342a691b7,,,2022-03-01 12:19:45.288966720,1,Transaction Limitation,dianxiang_sun,True
DX_1853.0,ETH,0xf6c78d3b8582a25855d6072fe1ec83f919bc7097,,,2022-03-01 22:33:24.903677752,1,Transaction Limitation,dianxiang_sun,True
DX_305.0,ETH,0x67fe8dbf5ed0aa9d7a127e5e061d715a1eff3712,,,2022-03-02 19:00:44.133099824,1,Transaction Limitation,dianxiang_sun,True
DX_2205.0,ETH,0x24cad91c063686c49f2ef26a24bf80329fb131c7,,,2022-03-03 05:14:23.747810856,1,Transaction Limitation,dianxiang_sun,True
DX_1607.0,ETH,0x489f1d29c552baba0e8821eca29d01c1e6c78386,,,2022-03-03 05:14:23.747810856,1,Transaction Limitation,dianxiang_sun,True
DX_1435.0,ETH,0xd83970f005973512049f9d8abfe5ab610fc92cc0,,,2022-03-03 15:28:03.362521888,1,Transaction Limitation,dianxiang_sun,True
DX_1295.0,ETH,0xa14a081e6747776354640610f05f71350c87b9c3,,,2022-03-03 15:28:03.362521888,1,Transaction Limitation,dianxiang_sun,True
fcdep (EPMAX),BSC,,,,2022-03-04 00:00:00.000000000,1,,tm_rugpull,
DX_147.0,ETH,0xba5bf3fbc05cb205407ca0ab3255bd8de0f96c84,,,2022-03-04 01:41:42.977232920,1,Fee,dianxiang_sun,True
DX_946.0,ETH,0x8d9621943caf6081d2745394a1d23da9a963f049,,,2022-03-04 22:09:02.206654992,1,Transaction Limitation,dianxiang_sun,True
DX_930.0,ETH,0x010496d8f3269ee9b05060bdf40c2d66e83e61dd,,,2022-03-06 04:50:01.050788088,1,Transaction Limitation,dianxiang_sun,True
DX_1976.0,ETH,0x67981ac0b64b55afbf35d4571dcbcd320dc965b9,,,2022-03-06 04:50:01.050788088,1,Transaction Limitation,dianxiang_sun,True
DX_26.0,ETH,0x0794ce7d4459105926da230f318c1e34bc790517,,,2022-03-06 15:03:40.665499120,1,Destroy Token,dianxiang_sun,True
Defi Wz Token (DEFIWZ),BSC,,,,2022-03-07 00:00:00.000000000,1,,tm_rugpull,
DX_71.0,ETH,0xa5e4e662b1e12b4f31f646410521db792be585d7,,,2022-03-07 11:30:59.894921192,1,Fee,dianxiang_sun,True
DX_1797.0,ETH,0x1aeaf4155589be2f761b2261b35cbe01b9d0e972,,,2022-03-07 21:44:39.509632224,1,Transaction Limitation,dianxiang_sun,True
DX_1365.0,ETH,0x93a2738444e2e8700fa350ebd3aea18eeab661b7,,,2022-03-08 18:11:58.739054288,1,Transaction Limitation,dianxiang_sun,True
DX_1678.0,ETH,0x015024b0d87dbb567f9e3d956bb0a495436ec3ba,,,2022-03-08 18:11:58.739054288,1,Transaction Limitation,dianxiang_sun,True
GMT (GMT),BSC,,,,2022-03-09 00:00:00.000000000,1,,tm_rugpull,
DX_1881.0,ETH,0xa83510c7f2227ffc9794ca25c351d973e76d26ae,,,2022-03-09 04:25:38.353765320,1,Transaction Limitation,dianxiang_sun,True
DX_1269.0,ETH,0xa4443ec19ac02a757bfa8a2a5071b2e65e29ca71,,,2022-03-09 04:25:38.353765320,1,Transaction Limitation,dianxiang_sun,True
DX_1883.0,ETH,0x4550a9c1f326ccfea2024c998f00ae94c63f7ba5,,,2022-03-09 14:39:17.968476352,1,Transaction Limitation,dianxiang_sun,True
DX_2197.0,ETH,0x806a6bd219f162442d992bdc4ee6eba1f2c5a707,,,2022-03-09 14:39:17.968476352,1,Transaction Limitation,dianxiang_sun,True
Peace doge X (Peace doge X),BSC,,,,2022-03-10 00:00:00.000000000,1,,tm_rugpull,
Gandalf The Grey (GAN),ETH,,,,2022-03-10 00:00:00.000000000,1,,tm_rugpull,
MarsDAO (MDAO),BSC,,,,2022-03-10 00:00:00.000000000,0,,tm_rugpull,
DX_2063.0,ETH,0x4fb42138244eb5c13a8a1737be5dd27b0152d676,,,2022-03-10 00:52:57.583187384,1,Transaction Limitation,dianxiang_sun,True
DX_341.0,ETH,0xf336496011891a6f905cde1242285e9953c94d0b,,,2022-03-10 11:06:37.197898424,1,Transaction Limitation,dianxiang_sun,True
DX_2345.0,ETH,0x5aa88d2901c68fda244f1d0584400368d2c8e739,,,2022-03-10 21:20:16.812609456,1,Transaction Limitation,dianxiang_sun,True
GHOSTP2E (GHR),BSC,,,,2022-03-11 00:00:00.000000000,1,,tm_rugpull,
DX_486.0,ETH,0x15ac22205ee3a29f332d5ff9769f08d7d13f4954,,,2022-03-11 17:47:36.042031520,1,Transaction Limitation,dianxiang_sun,True
CryptogerClub (CToger),BSC,,,,2022-03-12 00:00:00.000000000,1,,tm_rugpull,
DX_1447.0,ETH,0xe41bcd128796e0e6463766674fef95f0eb6d7e7c,,,2022-03-12 04:01:15.656742552,1,Transaction Limitation,dianxiang_sun,True
DX_1569.0,ETH,0xa9c4a2852eeb43b0a27592e5e86b64db55040d79,,,2022-03-13 00:28:34.886164624,1,Transaction Limitation,dianxiang_sun,True
DX_1260.0,ETH,0xa1062691304c5b46c1f48445c9fd3bbb9ddbd8d8,,,2022-03-13 00:28:34.886164624,1,Transaction Limitation,dianxiang_sun,True
Spool DAO Token (SPOOL),ETH,,,,2022-03-15 00:00:00.000000000,0,,tm_rugpull,
PLD (PLD),FTM,,,,2022-03-15 00:00:00.000000000,1,,tm_rugpull,
DX_1840.0,ETH,0xa0267ce42807c85c05b1a111334ff05feb5bcbae,,,2022-03-15 13:50:32.574430824,1,Transaction Limitation,dianxiang_sun,True
DX_1313.0,ETH,0x4d3519adddbba0b05a056663e5b2b7f1fa4298ab,,,2022-03-16 10:17:51.803852888,1,Transaction Limitation,dianxiang_sun,True
DX_1819.0,ETH,0x8586b2a8e6cd04cae359762a12435dd3b5c57920,,,2022-03-16 20:31:31.418563920,1,Transaction Limitation,dianxiang_sun,True
DX_1876.0,ETH,0x3ae9027472cf6b45548573543e36ea1247e78541,,,2022-03-16 20:31:31.418563920,1,Transaction Limitation,dianxiang_sun,True
CRP_3,Ethereum,0xE0b9d4146AaD6936cBfcBE4dAE47e34aAb96b093,,,2022-03-17 16:58:50.647985984,0,,crpwarner,True
ZEBEC (ZBC),BSC,,,,2022-03-18 00:00:00.000000000,0,,tm_rugpull,
DX_1276.0,ETH,0x94bed05b25d374832ce39cdc94e1133dbcf6e49c,,,2022-03-18 03:12:30.262697016,1,Transaction Limitation,dianxiang_sun,True
DX_1321.0,ETH,0x0ce831d6d39d631ae5c4276af619b841832d4384,,,2022-03-18 13:26:09.877408056,1,Transaction Limitation,dianxiang_sun,True
DX_352.0,ETH,0x8bcb64bfda77905398b67af0af084c744e777a20,,,2022-03-19 20:07:08.721541152,1,Transaction Limitation,dianxiang_sun,True
ApeCoin (APE),ETH,,,,2022-03-20 00:00:00.000000000,0,,tm_rugpull,
DX_1393.0,ETH,0x82e90fc3a4c2893bbf6d7c1c93a55ac071c963e2,,,2022-03-20 06:20:48.336252184,1,Transaction Limitation,dianxiang_sun,True
DX_1515.0,ETH,0x6882f1cd5efd09713387fded3c73d3d5511dc739,,,2022-03-21 13:01:47.180385288,1,Transaction Limitation,dianxiang_sun,True
DX_219.0,BSC,0xc5a25e92e691635BDd6DF2e904633Dc3152360cD,,,2022-03-21 23:15:26.795096320,1,LP Drain,dianxiang_sun,True
DX_1126.0,ETH,0xece51078af2f09a23a0928bf9e581766d79a6d26,,,2022-03-22 09:29:06.409807352,1,Transaction Limitation,dianxiang_sun,True
DX_1293.0,ETH,0xd79c51eca833f04d8827359c2f00ded79dd38b04,,,2022-03-22 19:42:46.024518384,1,Transaction Limitation,dianxiang_sun,True
Shiba Predator (QOM),ETH,,,,2022-03-23 00:00:00.000000000,0,,tm_rugpull,
DX_2309.0,ETH,0xc1574ab95106621686d6e480f378d79c0442fe33,,,2022-03-23 05:56:25.639229416,1,Transaction Limitation,dianxiang_sun,True
DX_625.0,ETH,0x2279dccf9d7fcce0e59ec5e7353bf4ff33c31e5f,,,2022-03-24 02:23:44.868651488,1,Transaction Limitation,dianxiang_sun,True
DX_2135.0,ETH,0x561eac93c92360949ab1f1403323e6db345cbf31,,,2022-03-24 12:37:24.483362520,1,Transaction Limitation,dianxiang_sun,True
DX_1008.0,ETH,0xe1fcc336e8815d7f7ce2d4fd0f526614a639fe4d,,,2022-03-24 12:37:24.483362520,1,Transaction Limitation,dianxiang_sun,True
Stader (SD),ETH,,,,2022-03-25 00:00:00.000000000,0,,tm_rugpull,
Stader (SD),ETH,,,,2022-03-25 00:00:00.000000000,0,,tm_rugpull,
Onyxcoin (XCN),ETH,,,,2022-03-25 00:00:00.000000000,0,,tm_rugpull,
DX_1571.0,ETH,0x78bf8ef3a3d1dc978935ee4ae8b43247548c3946,,,2022-03-25 19:18:23.327495616,1,Transaction Limitation,dianxiang_sun,True
DX_2021.0,ETH,0xe7d8e9db3b56e7764effea6b7c84ea55d03dfa1c,,,2022-03-26 05:32:02.942206656,1,Transaction Limitation,dianxiang_sun,True
DX_261.0,BSC,0xD20ef93050c0943F74f5F8Ff0CC97c74139d6437,,,2022-03-27 01:59:22.171628720,1,Token Generation,dianxiang_sun,True
DX_1032.0,ETH,0x42a8abcbb4cd7919e6dae1ca570a0269783151aa,,,2022-03-27 01:59:22.171628720,1,Transaction Limitation,dianxiang_sun,True
DX_2010.0,ETH,0xe3340e14d43ecfc70635845ed73d5984fc5d2aa5,,,2022-03-27 22:26:41.401050784,1,Transaction Limitation,dianxiang_sun,True
DX_1305.0,ETH,0xc4835ba664daeca06992d20ffe1724a46a9d4bc9,,,2022-03-27 22:26:41.401050784,1,Transaction Limitation,dianxiang_sun,True
DX_1371.0,ETH,0x7cd9697d5390a0b04479deed5ec3735c8eeec548,,,2022-03-28 08:40:21.015761816,1,Transaction Limitation,dianxiang_sun,True
Artrade Token (ATR),BSC,,,,2022-03-29 00:00:00.000000000,0,,tm_rugpull,
BNBDeFi ($DEFI),BSC,,,,2022-03-30 00:00:00.000000000,1,,tm_rugpull,
DX_564.0,ETH,0xdd98279a9c1a0beb7d4b289d785804c4a6078552,,,2022-03-31 08:15:58.318739048,1,Transaction Limitation,dianxiang_sun,True
DX_1215.0,ETH,0x44c7f4d3625f5f9fbeb12337334e02dc05479cd6,,,2022-03-31 08:15:58.318739048,1,Transaction Limitation,dianxiang_sun,True
DX_1509.0,ETH,0x054f58e1954c4f6f6dc553bb4012b96b0e58c73c,,,2022-03-31 18:29:37.933450088,1,Transaction Limitation,dianxiang_sun,True
Mad Meerkat Finance,CRONO,,,,2022-04-01 00:00:00.000000000,1,,tm_rugpull,
MMFinance (MMF),BSC,,,,2022-04-01 00:00:00.000000000,1,,tm_rugpull,
DX_421.0,ETH,0xdb5c9b5a9b8fa9ee9643fe96f88b7f813f895eb0,,,2022-04-01 04:43:17.548161120,1,Transaction Limitation,dianxiang_sun,True
DX_2122.0,ETH,0xe610af01f92f19679327715b426c35849c47c657,,,2022-04-02 11:24:16.392294216,1,Transaction Limitation,dianxiang_sun,True
DX_391.0,ETH,0xee25871f4325223af51d2951792a6f966d4f85e8,,,2022-04-02 21:37:56.007005248,1,Transaction Limitation,dianxiang_sun,True
Lumerin (LMR),ETH,,,,2022-04-03 00:00:00.000000000,0,,tm_rugpull,
DX_1061.0,ETH,0x801427e0b00c5aa46f96550e1e33ad7f00077e19,,,2022-04-03 07:51:35.621716288,1,Transaction Limitation,dianxiang_sun,True
DX_2011.0,ETH,0x97880c1dd3b7f12f9117d234fa1cebe48fcdbd04,,,2022-04-03 18:05:15.236427320,1,Transaction Limitation,dianxiang_sun,True
fRiENDSiES (fRiENDSiES),ETH,,,,2022-04-04 00:00:00.000000000,1,,tm_rugpull,
DX_396.0,ETH,0x03c9436d54db599018842387d9d6075d81580726,,,2022-04-04 04:18:54.851138352,1,Transaction Limitation,dianxiang_sun,True
DX_330.0,ETH,0xc92029b1fcafb6d6285d49ee44bcc6cad2a91fd5,,,2022-04-04 14:32:34.465849384,1,Transaction Limitation,dianxiang_sun,True
DX_1753.0,ETH,0xb37d025fde8b45d105edec9078f3e8e73f8274b4,,,2022-04-05 21:13:33.309982480,1,Transaction Limitation,dianxiang_sun,True
DX_915.0,ETH,0x32044c74f6bb50b608f67429547dd0c40e20b20e,,,2022-04-05 21:13:33.309982480,1,Transaction Limitation,dianxiang_sun,True
DX_640.0,ETH,0xac135427c78e472c905718eed9b76d137108910a,,,2022-04-06 07:27:12.924693520,1,Transaction Limitation,dianxiang_sun,True
DX_100.0,ETH,0x3f41f6ff370a764f4dd3eee7b5b8ec76cfbb6b91,,,2022-04-06 07:27:12.924693520,1,Fee,dianxiang_sun,True
DX_13.0,BSC,0x4749a5f83F6F003440cB4B6aD1628d39E900D0c4,,,2022-04-06 17:40:52.539404552,1,Combination,dianxiang_sun,True
DX_1439.0,ETH,0x2d23533ac795967dc40d4d8c0f442f69143f12da,,,2022-04-07 03:54:32.154115584,1,Transaction Limitation,dianxiang_sun,True
DX_2126.0,ETH,0xfa8bb2a68c67e39409cd336d1a8024a2ad9a62ff,,,2022-04-08 20:49:10.612959720,1,Transaction Limitation,dianxiang_sun,True
DX_1759.0,ETH,0xda27ce68cfa5d0a53cf4f1ed1ee6f08f83bfd4e4,,,2022-04-08 20:49:10.612959720,1,Transaction Limitation,dianxiang_sun,True
Bitpaid (BTP),BSC,,,,2022-04-10 00:00:00.000000000,1,,tm_rugpull,
DX_381.0,ETH,0x1521074a4423265c7c9ddd88296997eaea210dc5,,,2022-04-10 03:30:09.457092816,1,Transaction Limitation,dianxiang_sun,True
DX_1261.0,ETH,0xac7b68f06644d1d0bb27478e54bcd8b875952161,,,2022-04-10 03:30:09.457092816,1,Transaction Limitation,dianxiang_sun,True
DX_41.0,BSC,0x8deDE57516ceEE26590D27aD75b2585f38Ac66C1,,,2022-04-10 03:30:09.457092816,1,External Call,dianxiang_sun,True
DX_2241.0,ETH,0xf0344800bd3ffa687e4d780357961b28995a5f46,,,2022-04-10 23:57:28.686514880,1,Transaction Limitation,dianxiang_sun,True
DX_997.0,ETH,0x62f24bbc4a8abfbac46302e61419abe6a6a2884b,,,2022-04-11 10:11:08.301225920,1,Transaction Limitation,dianxiang_sun,True
DX_363.0,ETH,0x589891a198195061cb8ad1a75357a3b7dbadd7bc,,,2022-04-12 06:38:27.530647984,1,Transaction Limitation,dianxiang_sun,True
DX_651.0,ETH,0xcf6be57d332c5c5ca2f2929db5f5684fb07e5a33,,,2022-04-12 16:52:07.145359016,1,Transaction Limitation,dianxiang_sun,True
DX_1268.0,ETH,0xf3a91464a870f464254515bb0063405b61db7229,,,2022-04-13 03:05:46.760070048,1,Transaction Limitation,dianxiang_sun,True
DX_649.0,ETH,0xa3f7b2fa41f3d8ed76d2be4ab177adc219ea1c96,,,2022-04-13 03:05:46.760070048,1,Transaction Limitation,dianxiang_sun,True
DX_2149.0,ETH,0xe63760e74ffd44ce7abdb7ca2e7fa01b357df460,,,2022-04-13 13:19:26.374781080,1,Transaction Limitation,dianxiang_sun,True
mCoin (MCOIN),BSC,,,,2022-04-15 00:00:00.000000000,1,,tm_rugpull,
DX_1228.0,ETH,0xbbbbafd3d471838a3745beb2dd33fae4e878ec1e,,,2022-04-15 16:27:44.448336256,1,Transaction Limitation,dianxiang_sun,True
Vesta (VSTA),ARBI,,,,2022-04-16 00:00:00.000000000,0,,tm_rugpull,
DX_1210.0,ETH,0x53886d0ddba6bafaf2c3f9512029a7ff862f5e6e,,,2022-04-16 02:41:24.063047280,1,Transaction Limitation,dianxiang_sun,True
DX_839.0,ETH,0x9a693d11b6a87b582e380af954ba3cffa93c59c5,,,2022-04-16 02:41:24.063047280,1,Transaction Limitation,dianxiang_sun,True
DX_364.0,ETH,0xa66daa57432024023db65477ba87d4e7f5f95213,,,2022-04-16 02:41:24.063047280,1,Transaction Limitation,dianxiang_sun,True
DX_1642.0,ETH,0x31de994710629896b41e7415c89bd5ba0849f15b,,,2022-04-17 09:22:22.907180384,1,Transaction Limitation,dianxiang_sun,True
DX_2069.0,ETH,0xe065dced63f39de77abc90aa0d25083ded6d25e4,,,2022-04-17 09:22:22.907180384,1,Transaction Limitation,dianxiang_sun,True
DX_639.0,ETH,0xc4946d6e765c1a95c693757136a6cc0c89a32d63,,,2022-04-17 09:22:22.907180384,1,Transaction Limitation,dianxiang_sun,True
DX_298.0,ETH,0x8de1cb4124904ede26d7295ef1f83bab4c2bcfc0,,,2022-04-17 19:36:02.521891408,1,Transaction Limitation,dianxiang_sun,True
FuryOfTheFur (FOTF),BSC,,,,2022-04-18 00:00:00.000000000,1,,tm_rugpull,
DX_1379.0,ETH,0xf4727665f750c2764f16180efdbe85b106d1f0ad,,,2022-04-18 05:49:42.136602448,1,Transaction Limitation,dianxiang_sun,True
DX_1012.0,ETH,0x0a2aed8debddb2ce3ab4ada1a49b06f42e214e3f,,,2022-04-18 16:03:21.751313488,1,Transaction Limitation,dianxiang_sun,True
DX_2059.0,ETH,0x9f083c2ca47fd6917d118a62675a55bb19a8b7e6,,,2022-04-19 02:17:01.366024512,1,Transaction Limitation,dianxiang_sun,True
DX_2083.0,ETH,0x3268ecb4fcba1ca9f43da8ed05ffc80382cef1da,,,2022-04-19 22:44:20.595446576,1,Transaction Limitation,dianxiang_sun,True
DX_2106.0,ETH,0xf6c61cb3b0add944ac53c9c2decaf2954f0515cb,,,2022-04-20 08:58:00.210157616,1,Transaction Limitation,dianxiang_sun,True
DX_327.0,ETH,0xb0fe24dc6222e9d9d0e43ab67f40c578af810d21,,,2022-04-21 05:25:19.439579680,1,Transaction Limitation,dianxiang_sun,True
DX_1705.0,ETH,0xa057969f01b3678343db25a6a1e7af4ab8bcfcba,,,2022-04-21 15:38:59.054290720,1,Transaction Limitation,dianxiang_sun,True
DX_1934.0,ETH,0x49678f3ef925c7382c1e80d55fc13dfeffc717c4,,,2022-04-22 01:52:38.669001744,1,Transaction Limitation,dianxiang_sun,True
DX_1413.0,ETH,0xbed643ece8fe3b2c75095f35bc6453fd2b6ea8c2,,,2022-04-24 15:14:36.357267952,1,Transaction Limitation,dianxiang_sun,True
DX_652.0,ETH,0xb159ccf18ca4f453f26e0e145c310dc5d1b6cd40,,,2022-04-24 15:14:36.357267952,1,Transaction Limitation,dianxiang_sun,True
DX_353.0,ETH,0x9b11efcaaa1890f6ee52c6bb7cf8153ac5d74139,,,2022-04-25 21:55:35.201401040,1,Transaction Limitation,dianxiang_sun,True
DX_614.0,ETH,0x7dc35bc0330a4c863e9ee6d71c1406b4f9b59751,,,2022-04-25 21:55:35.201401040,1,Transaction Limitation,dianxiang_sun,True
DX_851.0,ETH,0x50cfc25716064cbaa2d6b92f2bcb5ac9eec654dd,,,2022-04-27 04:36:34.045534144,1,Transaction Limitation,dianxiang_sun,True
DX_1745.0,ETH,0x53f3914ae38f1e0db932415321e9e269a5c7139b,,,2022-04-27 04:36:34.045534144,1,Transaction Limitation,dianxiang_sun,True
DX_1181.0,ETH,0xb0917f301a15b2f039ed0b43d800577e75ac3013,,,2022-04-27 14:50:13.660245184,1,Transaction Limitation,dianxiang_sun,True
DX_155.0,ETH,0x6fcd8369e9593408d12d8de5d2da90c25d089d0b,,,2022-04-28 21:31:12.504378288,1,Fee,dianxiang_sun,True
DX_2028.0,ETH,0x5434fab78c0ef1f376e89997bafe28ed7ce66bda,,,2022-04-29 07:44:52.119089312,1,Transaction Limitation,dianxiang_sun,True
DX_1679.0,ETH,0x4f3e8d76bb858e8340d30033ebdd486f4fb994e6,,,2022-04-29 17:58:31.733800352,1,Transaction Limitation,dianxiang_sun,True
Vip Panda Community ,BSC,,,,2022-05-01 00:00:00.000000000,1,,tm_rugpull,
DX_2128.0,ETH,0xb5e1b1ee15c6fa0e48fce100125569d430f1bd12,,,2022-05-01 10:53:10.192644480,1,Transaction Limitation,dianxiang_sun,True
DX_1793.0,ETH,0x498084f26dddd677a8117c83084c3ea637f5a50f,,,2022-05-01 21:06:49.807355520,1,Transaction Limitation,dianxiang_sun,True
Cashera (CSR),BSC,,,,2022-05-02 00:00:00.000000000,1,,tm_rugpull,
DX_1406.0,ETH,0x48f6604c5e50828805252a8cc5899746d69b3b8e,,,2022-05-02 17:34:09.036777584,1,Transaction Limitation,dianxiang_sun,True
Bitsubishi (BITSU),BSC,,,,2022-05-04 00:00:00.000000000,1,,tm_rugpull,
DX_411.0,ETH,0x6daa2195d0a67c23b4976bd388736c56e71c3f39,,,2022-05-04 00:15:07.880910672,1,Transaction Limitation,dianxiang_sun,True
DX_403.0,ETH,0x5f7593e74433a6c6fc227f9517db8f62f9962c18,,,2022-05-04 00:15:07.880910672,1,Transaction Limitation,dianxiang_sun,True
DX_138.0,ETH,0x15e9fadb5962a0cb774bf759183d739f50d1697b,,,2022-05-04 20:42:27.110332752,1,Fee,dianxiang_sun,True
DX_479.0,ETH,0x58a6a9e02902b0ccb1c9595f00b03a616976a7b0,,,2022-05-06 13:37:05.569176880,1,Transaction Limitation,dianxiang_sun,True
DX_136.0,ETH,0xfbd888349529e3f87c77dffbe2a2bb500f4e02ea,,,2022-05-07 10:04:24.798598944,1,Fee,dianxiang_sun,True
GMETA,BSC,,,,2022-05-09 00:00:00.000000000,1,,tm_rugpull,
Magic (Magic),BSC,,,,2022-05-10 00:00:00.000000000,1,,tm_rugpull,
DX_798.0,ETH,0x88e1bd473d32939af4fbe22536cead5d4209f4df,,,2022-05-10 09:40:02.101576176,1,Transaction Limitation,dianxiang_sun,True
DX_1839.0,ETH,0x6e47db702359de42002fe60f317e0b0b1f6d5671,,,2022-05-10 19:53:41.716287216,1,Transaction Limitation,dianxiang_sun,True
DX_2276.0,ETH,0x70bf9df6967dc96156e76cc43b928a7ef02e159a,,,2022-05-10 19:53:41.716287216,1,Transaction Limitation,dianxiang_sun,True
DX_1715.0,ETH,0x318a1461930551761bbd215dd324edf26ada72b2,,,2022-05-10 19:53:41.716287216,1,Transaction Limitation,dianxiang_sun,True
DX_1226.0,ETH,0xb6dfa6d30a2efbadcabd1fa78a8c14fd90984afe,,,2022-05-11 06:07:21.330998240,1,Transaction Limitation,dianxiang_sun,True
DX_1035.0,ETH,0x9d335bb5836f167ea16a2401214957de3cbbcecb,,,2022-05-11 06:07:21.330998240,1,Transaction Limitation,dianxiang_sun,True
Stable Magnet Token (SMAG),BSC,,,,2022-05-12 00:00:00.000000000,1,,tm_rugpull,
DX_2020.0,ETH,0xee49307452fe780afadc28deab97c5ae6a17b383,,,2022-05-12 23:01:59.789842384,1,Transaction Limitation,dianxiang_sun,True
DX_1698.0,ETH,0x44c26584b90abb52545f34bb5b67023fe1e316f7,,,2022-05-12 23:01:59.789842384,1,Transaction Limitation,dianxiang_sun,True
CBC Token (CBC),BSC,,,,2022-05-13 00:00:00.000000000,1,,tm_rugpull,
PiggyBank,BSC,,,,2022-05-13 00:00:00.000000000,1,,tm_rugpull,
DX_172.0,ETH,0x836213f4021f67d04ec0b599343ac345f433701a,,,2022-05-13 19:29:19.019264448,1,Fee,dianxiang_sun,True
DX_275.0,BSC,0x761776f726168c9dF6dC63d5864880801E21F403,,,2022-05-13 19:29:19.019264448,1,Transaction Limitation,dianxiang_sun,True
DX_544.0,ETH,0x202cbeccaec7e0bc33771ebf9cc41b139f9dafb6,,,2022-05-15 02:10:17.863397552,1,Transaction Limitation,dianxiang_sun,True
DX_395.0,ETH,0x79b1b53aa068742e4333d47e28ae5cb2f8e71aaa,,,2022-05-15 02:10:17.863397552,1,Transaction Limitation,dianxiang_sun,True
DX_1433.0,ETH,0xaeb29c7b70ceab600013680850c6533b577108e7,,,2022-05-16 08:51:16.707530640,1,Transaction Limitation,dianxiang_sun,True
APE (APE),ETH,,,,2022-05-17 00:00:00.000000000,1,,tm_rugpull,
DX_1558.0,ETH,0x61395d8cfffc85dafc3246c23c17b3dbaf1322d0,,,2022-05-17 15:32:15.551663744,1,Transaction Limitation,dianxiang_sun,True
DX_699.0,ETH,0x49b4e1351254c9b739ebddd69ed92e4e5e8c95a8,,,2022-05-18 11:59:34.781085808,1,Transaction Limitation,dianxiang_sun,True
DX_304.0,ETH,0x24df76b88a2ea9ae3c3af5402ba4493226a82143,,,2022-05-18 11:59:34.781085808,1,Transaction Limitation,dianxiang_sun,True
DX_923.0,ETH,0x86d03cc1e3d4b2a6d338aa279d7c9afdc624b141,,,2022-05-18 22:13:14.395796848,1,Transaction Limitation,dianxiang_sun,True
DX_42.0,BSC,0xaE21BFe30aFf40A66Bc9a950D61C1a6B1c82Ad2A,,,2022-05-18 22:13:14.395796848,1,External Call,dianxiang_sun,True
Hakuna Share (MTT),CRONO,,,,2022-05-19 00:00:00.000000000,1,,tm_rugpull,
DX_229.0,BSC,0x8923881e8cAe6684C2bB84D69aE88A9bbbEC8d5a,,,2022-05-19 08:26:54.010507872,1,Token Distribution,dianxiang_sun,True
DX_1937.0,ETH,0x841cfe20c05c8a2d6ea624276eb49e9a844be4a7,,,2022-05-19 08:26:54.010507872,1,Transaction Limitation,dianxiang_sun,True
DX_837.0,ETH,0x39a537a127922aa00c9f34686966db153cb23f9f,,,2022-05-19 08:26:54.010507872,1,Transaction Limitation,dianxiang_sun,True
DX_475.0,ETH,0x3e2c55104679cfaca89986d4f31fb07a61c1f9f0,,,2022-05-19 18:40:33.625218912,1,Transaction Limitation,dianxiang_sun,True
DX_1320.0,ETH,0x62dd16e27bb35489e8072d6d3d61cfe46c7188ad,,,2022-05-19 18:40:33.625218912,1,Transaction Limitation,dianxiang_sun,True
MoveCash (MCA),BSC,,,,2022-05-20 00:00:00.000000000,1,,tm_rugpull,
Demeter (DMT),ETH,,,,2022-05-20 00:00:00.000000000,1,,tm_rugpull,
DX_1106.0,ETH,0x40eb49c971bceda8ea9998256aa7375f6bf05e90,,,2022-05-20 04:54:13.239929952,1,Transaction Limitation,dianxiang_sun,True
DX_546.0,ETH,0x01cf25c7ec19ee5dece80b121121c731037b3d53,,,2022-05-21 01:21:32.469352016,1,Transaction Limitation,dianxiang_sun,True
DX_1094.0,ETH,0x5d1c1e440a04276c71b69e2a32c832ea87947779,,,2022-05-21 01:21:32.469352016,1,Transaction Limitation,dianxiang_sun,True
DX_810.0,ETH,0xcc2b04e0687c98a44fd8d5ba1c9320bdc48c3981,,,2022-05-21 21:48:51.698774080,1,Transaction Limitation,dianxiang_sun,True
DX_2180.0,ETH,0x81edefc64aabdce71f68347774bd4673d1d31419,,,2022-05-21 21:48:51.698774080,1,Transaction Limitation,dianxiang_sun,True
DX_619.0,ETH,0xb1180a9b3fca217e034cb3eeb151291973606d15,,,2022-05-22 18:16:10.928196144,1,Transaction Limitation,dianxiang_sun,True
DX_1085.0,ETH,0x6f944c7301e27a9c704f48e5b375dfc496752c5c,,,2022-05-23 04:29:50.542907184,1,Transaction Limitation,dianxiang_sun,True
DX_1949.0,ETH,0x870ff76a2e630afd41ce2efec0a1fe885ca9e753,,,2022-05-23 04:29:50.542907184,1,Transaction Limitation,dianxiang_sun,True
DX_1802.0,ETH,0x93460ba3b52d4658ff6faae7e84e4211c7cbb896,,,2022-05-23 04:29:50.542907184,1,Transaction Limitation,dianxiang_sun,True
DX_302.0,ETH,0x9eec65e5b998db6845321baa915ec3338b1a469b,,,2022-05-23 14:43:30.157618208,1,Transaction Limitation,dianxiang_sun,True
DecentraWorld ($DEWO),BSC,,,,2022-05-24 00:00:00.000000000,1,,tm_rugpull,
DX_1866.0,ETH,0xb9fb7a3d6ae6cc852cab4d932646144bf5d713fd,,,2022-05-24 11:10:49.387040272,1,Transaction Limitation,dianxiang_sun,True
DX_458.0,ETH,0xfd9477130930902d19c26893ddd5765848da479c,,,2022-05-24 21:24:29.001751312,1,Transaction Limitation,dianxiang_sun,True
DX_380.0,ETH,0x4cc9c3ccfa6b3fc0ea72a80cf179fef3774af5e0,,,2022-05-25 07:38:08.616462336,1,Transaction Limitation,dianxiang_sun,True
DX_777.0,ETH,0x47d09dddb8263981a38260a16aac2ad2fd3dfd3d,,,2022-05-25 17:51:48.231173376,1,Transaction Limitation,dianxiang_sun,True
DX_1901.0,ETH,0xd53ca803deeab1b38beffc23a304b0fb41774979,,,2022-05-26 04:05:27.845884416,1,Transaction Limitation,dianxiang_sun,True
DX_1014.0,ETH,0x379bbe52926da8f5e7ca0d9b0d55de4c8e90d953,,,2022-05-27 21:00:06.304728544,1,Transaction Limitation,dianxiang_sun,True
DX_1566.0,ETH,0x7dddcb8d93438500c42c199b6b02ba3f74c7cb8c,,,2022-05-29 03:41:05.148861648,1,Transaction Limitation,dianxiang_sun,True
DX_440.0,ETH,0x3e4e2299cbff968b425c6c312b64fa46f8be68ff,,,2022-05-29 03:41:05.148861648,1,Transaction Limitation,dianxiang_sun,True
DX_447.0,ETH,0x4eca4409c890687051516dc5e0e5e1ea32301563,,,2022-05-29 13:54:44.763572672,1,Transaction Limitation,dianxiang_sun,True
MetFi (MFI),BSC,,,,2022-05-30 00:00:00.000000000,0,,tm_rugpull,
Cancer Inu (CANCER),ETH,,,,2022-05-30 00:00:00.000000000,1,,tm_rugpull,
DX_365.0,ETH,0xbc2faad1ec407571249b0e874a9abd840111389b,,,2022-05-30 00:08:24.378283712,1,Transaction Limitation,dianxiang_sun,True
SLOTH INU (SLOTH INU),ETH,,,,2022-05-31 00:00:00.000000000,1,,tm_rugpull,
DX_1556.0,ETH,0x32f2f89b3927a7156f3fb34e82fc2ada64e57ab4,,,2022-05-31 17:03:02.837127840,1,Transaction Limitation,dianxiang_sun,True
DX_1737.0,ETH,0xd5ad9d374eff8f57a42a667a64c218e9145ac5b7,,,2022-06-01 03:16:42.451838880,1,Transaction Limitation,dianxiang_sun,True
DX_2184.0,ETH,0x98fe1d52649a3a13863647c6789f16e46e090377,,,2022-06-01 23:44:01.681260944,1,Transaction Limitation,dianxiang_sun,True
DX_507.0,ETH,0x83530c3aab57bb230f16a9267fbc60e4c4a18e6e,,,2022-06-01 23:44:01.681260944,1,Transaction Limitation,dianxiang_sun,True
DX_2237.0,ETH,0x3597f78c7872db259ce023acc34511c7a79f42e3,,,2022-06-01 23:44:01.681260944,1,Transaction Limitation,dianxiang_sun,True
DX_2267.0,ETH,0x4d200a0a7066af311baba7a647b1cce54ae2f9a5,,,2022-06-02 09:57:41.295971968,1,Transaction Limitation,dianxiang_sun,True
Optimism (OP),ETH,,,,2022-06-04 00:00:00.000000000,0,,tm_rugpull,
DX_1888.0,ETH,0xbd8dce47859c156f7954b138fd9f2bcfc7969cc1,,,2022-06-04 02:52:19.754816112,1,Transaction Limitation,dianxiang_sun,True
DX_2302.0,ETH,0xbf5fb038c28df2b8821988da78c3ebdbf7aa5ac7,,,2022-06-04 13:05:59.369527136,1,Transaction Limitation,dianxiang_sun,True
URANIUM FINANCIAL (URF),BSC,,,,2022-06-05 00:00:00.000000000,1,,tm_rugpull,
DX_1118.0,ETH,0xb664b1d4c5e1ca4ec4cc9303627b94dc531750a0,,,2022-06-05 19:46:58.213660240,1,Transaction Limitation,dianxiang_sun,True
DX_1246.0,ETH,0xb5d018cc53dda89b5a17fa3d1f88ad580250c111,,,2022-06-06 06:00:37.828371280,1,Transaction Limitation,dianxiang_sun,True
RoyalPay (ROYAL),BSC,,,,2022-06-07 00:00:00.000000000,1,,tm_rugpull,
DX_630.0,ETH,0x209e9e4060ab423b2e9250c753bf5d3b54eb5856,,,2022-06-07 22:55:16.287215408,1,Transaction Limitation,dianxiang_sun,True
DX_903.0,ETH,0x5067048b25e168a1cc5432e0114334045fd9471d,,,2022-06-08 19:22:35.516637472,1,Transaction Limitation,dianxiang_sun,True
DX_1271.0,ETH,0x244a835e6de81ce2c8cc185cdf21ff00d81e592b,,,2022-06-08 19:22:35.516637472,1,Transaction Limitation,dianxiang_sun,True
DX_1441.0,ETH,0x77320ffd93184e9c8b053c037950d13456a15c9a,,,2022-06-09 05:36:15.131348512,1,Transaction Limitation,dianxiang_sun,True
DX_1345.0,ETH,0x0c222446ee8a080b3943c7a4cbab46bfbf823547,,,2022-06-09 05:36:15.131348512,1,Transaction Limitation,dianxiang_sun,True
MetaFinanceDAO,BSC,,,,2022-06-10 00:00:00.000000000,1,,tm_rugpull,
DX_1279.0,ETH,0x026d146d3c4515724998369da21de2ea912c73cc,,,2022-06-11 08:44:33.204903680,1,Transaction Limitation,dianxiang_sun,True
DX_1209.0,ETH,0x401b40ccc03a512476d406151877bb4b358b6d24,,,2022-06-11 18:58:12.819614704,1,Transaction Limitation,dianxiang_sun,True
DX_2099.0,ETH,0xad1aa68300588aa5842751ddcab2afd4a69e9016,,,2022-06-12 05:11:52.434325744,1,Transaction Limitation,dianxiang_sun,True
DX_1613.0,ETH,0xe96ea3e2eb0195517cddf190c3580b7b4cba11c1,,,2022-06-12 05:11:52.434325744,1,Transaction Limitation,dianxiang_sun,True
DX_1423.0,ETH,0x1b5fc621a982a6c0e281d3e087264e55e3c95654,,,2022-06-12 15:25:32.049036768,1,Transaction Limitation,dianxiang_sun,True
LV PLUS (LVP),BSC,,,,2022-06-13 00:00:00.000000000,1,,tm_rugpull,
DX_665.0,ETH,0x7f28efefe4b9cd723d6a92649fcd713cb3d0293f,,,2022-06-13 01:39:11.663747808,1,Transaction Limitation,dianxiang_sun,True
DX_1481.0,ETH,0x7a1b3b2bfb687a26328e623441edaea69df3def5,,,2022-06-13 11:52:51.278458848,1,Transaction Limitation,dianxiang_sun,True
CRP_54,Ethereum,0xD28c8Ff18f811E5fcD9b5B07889A343da8FD6502,,,2022-06-14 08:20:10.507880912,0,,crpwarner,True
DX_213.0,ETH,0x14aa9c36d76901fe1ebcc860038aee9318596103,,,2022-06-14 18:33:50.122591936,1,Funds Manipulation,dianxiang_sun,True
DX_723.0,ETH,0x2c3ee8970b480936112cad99bead7ae60c7511d7,,,2022-06-15 04:47:29.737302976,1,Transaction Limitation,dianxiang_sun,True
DX_583.0,ETH,0xd31ea91a651c9ae14fd7504149423ac6ed4b2ae0,,,2022-06-16 01:14:48.966725040,1,Transaction Limitation,dianxiang_sun,True
DX_1213.0,ETH,0x48c027e88c233afa67b1236b7cf1a968f48761af,,,2022-06-16 11:28:28.581436080,1,Transaction Limitation,dianxiang_sun,True
DX_693.0,ETH,0x8d227a42ad2d6967afda9e22d21ed5ed6519bfa7,,,2022-06-16 11:28:28.581436080,1,Transaction Limitation,dianxiang_sun,True
Forta (FORT),ETH,,,,2022-06-17 00:00:00.000000000,0,,tm_rugpull,
Aura (AURA),ETH,,,,2022-06-17 00:00:00.000000000,0,,tm_rugpull,
DX_673.0,ETH,0x26cf0ff0b91ca968d52b3f960bc622d4462ccdae,,,2022-06-17 07:55:47.810858144,1,Transaction Limitation,dianxiang_sun,True
Swello Token (SWLO),BSC,,,,2022-06-20 00:00:00.000000000,1,,tm_rugpull,
DX_1455.0,ETH,0x06a2fec35dd8a5eb427ff10f645577dc99a7379c,,,2022-06-20 07:31:25.113835376,1,Transaction Limitation,dianxiang_sun,True
DX_1038.0,ETH,0x2ce47cd60be8a6e5828ed06f233819f697002df4,,,2022-06-20 17:45:04.728546400,1,Transaction Limitation,dianxiang_sun,True
DX_2201.0,ETH,0xe4eabdca81e31d9acbc4af76b30f532b6ed7f3bf,,,2022-06-21 03:58:44.343257440,1,Transaction Limitation,dianxiang_sun,True
DX_1231.0,ETH,0x2735c5de2b954c433e86baf0c5364a91633991de,,,2022-06-21 03:58:44.343257440,1,Transaction Limitation,dianxiang_sun,True
DX_782.0,ETH,0x9d965fbd2a9843d5db106b64e9d4b60ce3a006ec,,,2022-06-21 14:12:23.957968480,1,Transaction Limitation,dianxiang_sun,True
DX_879.0,ETH,0x57d8034bb0c3d711ab94ddc9779541e5b80e3809,,,2022-06-21 14:12:23.957968480,1,Transaction Limitation,dianxiang_sun,True
DX_1429.0,ETH,0xf2870bbd6ac4b0c7b57da8e247e556c16c086dd8,,,2022-06-21 14:12:23.957968480,1,Transaction Limitation,dianxiang_sun,True
Skate Metaverse Coin (SMC),BSC,,,,2022-06-22 00:00:00.000000000,1,,tm_rugpull,
DX_1903.0,ETH,0xc453dd0d333ab62dfbe9be76d75e52c289a173b6,,,2022-06-22 20:53:22.802101568,1,Transaction Limitation,dianxiang_sun,True
STILTON MUSK (STILTON),ETH,,,,2022-06-23 00:00:00.000000000,1,,tm_rugpull,
DX_745.0,ETH,0x9a718a0a3090be2085fb850f4e48c0d70464914f,,,2022-06-23 17:20:42.031523632,1,Transaction Limitation,dianxiang_sun,True
MetaversePay (MVP),BSC,,,,2022-06-24 00:00:00.000000000,1,,tm_rugpull,
DX_1350.0,ETH,0x21a8b4a09ea0f36c6c18b619b2dc09317942e92e,,,2022-06-25 00:01:40.875656736,1,Transaction Limitation,dianxiang_sun,True
DX_789.0,ETH,0x9ef2b30756e215e8bfd82298dbac784d3541bdf6,,,2022-06-25 10:15:20.490367776,1,Transaction Limitation,dianxiang_sun,True
DX_77.0,ETH,0x4f7d317737b4256fb4ac361b2162461da6b6b667,,,2022-06-25 10:15:20.490367776,1,Fee,dianxiang_sun,True
DX_577.0,ETH,0x5ea9734aadca0b3283fdce46fb6e067c1ce20a09,,,2022-06-27 03:09:58.949211904,1,Transaction Limitation,dianxiang_sun,True
DX_309.0,ETH,0x98f777fb9139576902bf7f35956ca015ddc1569f,,,2022-06-27 13:23:38.563922944,1,Transaction Limitation,dianxiang_sun,True
DX_1316.0,ETH,0xd5a799bc73e181ef25c6af1c62aff70d76c2c184,,,2022-06-27 23:37:18.178633968,1,Transaction Limitation,dianxiang_sun,True
Saddle.Finance (SADDLE),ETH,,,,2022-06-28 00:00:00.000000000,0,,tm_rugpull,
Euler (EUL),ETH,,,,2022-06-28 00:00:00.000000000,0,,tm_rugpull,
DX_726.0,ETH,0x00819c26fbd1c7b70b3270567a55af46d5ea5b08,,,2022-06-29 16:31:56.637478112,1,Transaction Limitation,dianxiang_sun,True
SuperStep (SGMT),BSC,,,,2022-06-30 00:00:00.000000000,1,,tm_rugpull,
DX_1560.0,ETH,0x8afbe61b793b327dda8d94b9caadd1974cad411a,,,2022-06-30 23:12:55.481611200,1,Transaction Limitation,dianxiang_sun,True
DX_189.0,ETH,0x8e084f83ffd1785a86cd9cbc9df973f098042df8,,,2022-06-30 23:12:55.481611200,1,Fee,dianxiang_sun,True
DX_2061.0,ETH,0x8e2f94c4bf476ba14d931a38fbbace6e87d896a1,,,2022-07-01 09:26:35.096322240,1,Transaction Limitation,dianxiang_sun,True
DX_1169.0,ETH,0x183628e8811493fb7df0bc88bdf8c50100033f86,,,2022-07-01 19:40:14.711033264,1,Transaction Limitation,dianxiang_sun,True
NodyToken (NODY),BSC,,,,2022-07-02 00:00:00.000000000,1,,tm_rugpull,
CRP_35,Ethereum,0xDF7ff95Aa3D855A6fB21399432166A92FdcF1b1A,,,2022-07-03 02:21:13.555166368,1,,crpwarner,True
Dragoma (DMA),POLYGON,,,,2022-07-04 00:00:00.000000000,1,,tm_rugpull,
DX_2242.0,ETH,0xaa4fd1781246f0b9a63921f7aee292311ea05bf7,,,2022-07-04 09:02:12.399299472,1,Transaction Limitation,dianxiang_sun,True
DX_253.0,BSC,0x4f64c4AC865B7946b28a8Fac4d5d06F026e605a7,,,2022-07-04 09:02:12.399299472,1,Token Generation,dianxiang_sun,True
CRP_22,Ethereum,0x186ED770eEcEA82Def7C92DCC077C4Ba27acD5BD,,,2022-07-05 05:29:31.628721536,1,,crpwarner,True
DX_1892.0,ETH,0xb9a37383ce06602b076d7faf13bb34f0696a2926,,,2022-07-05 05:29:31.628721536,1,Transaction Limitation,dianxiang_sun,True
DX_506.0,ETH,0xe1cc73172c61a1b89fc01899a2bfd7d73a7eec03,,,2022-07-05 15:43:11.243432576,1,Transaction Limitation,dianxiang_sun,True
CRP_24,Ethereum,0xD00736F864Ecd5BEF5996c735F98769aE0d10c7c,,,2022-07-05 15:43:11.243432576,1,,crpwarner,True
DX_1396.0,ETH,0xda7b20e0e533cdd09706a8a3833a711538d5feb0,,,2022-07-06 01:56:50.858143600,1,Transaction Limitation,dianxiang_sun,True
DX_2238.0,ETH,0x75658ed3dba1e12644d2cd9272ba9ee888f4c417,,,2022-07-06 01:56:50.858143600,1,Transaction Limitation,dianxiang_sun,True
DX_757.0,ETH,0x2c6ded67f9e2b04f9ceb107a0883c181f83b9ea6,,,2022-07-06 22:24:10.087565664,1,Transaction Limitation,dianxiang_sun,True
DX_56.0,ETH,0x4de7fcf157f64c791ef8359a3546fa2395bdddbd,,,2022-07-07 08:37:49.702276704,1,Fee,dianxiang_sun,True
DX_32.0,ETH,0xc7c03b8a3fc5719066e185ea616e87b88eba44a3,,,2022-07-07 18:51:29.316987744,1,Destroy Token,dianxiang_sun,True
TSUKA (TSUKA),BSC,,,,2022-07-09 00:00:00.000000000,1,,tm_rugpull,
DX_829.0,ETH,0xbcf439e5eec974bbf3e02efe40f24ce0c83e30cc,,,2022-07-09 11:46:07.775831872,1,Transaction Limitation,dianxiang_sun,True
DX_2350.0,ETH,0x9efc7a38552e63534a8e9b9558adabd73297f91d,,,2022-07-09 21:59:47.390542896,1,Transaction Limitation,dianxiang_sun,True
Baby Ape (BABYAPE),ETH,,,,2022-07-10 00:00:00.000000000,1,,tm_rugpull,
DX_280.0,ETH,0x639AbAFB8977419eAd44e33ffB14FCCEdFBFd48f,,,2022-07-10 08:13:27.005253936,1,Transaction Limitation,dianxiang_sun,True
DX_504.0,ETH,0xf55c19f7122505655752a457aee1eeaa32ad0670,,,2022-07-10 08:13:27.005253936,1,Transaction Limitation,dianxiang_sun,True
ALTAVA Group (ALTAVA),ETH,,,,2022-07-11 00:00:00.000000000,1,,tm_rugpull,
DX_2036.0,ETH,0xb0fdd92021c3000ec86efddf09cccd8a0d25e7ea,,,2022-07-11 04:40:46.234676000,1,Transaction Limitation,dianxiang_sun,True
Fintoch,BSC,,,,2022-07-12 00:00:00.000000000,1,,tm_rugpull,
MarbleX (MBX),BSC,,,,2022-07-12 00:00:00.000000000,1,,tm_rugpull,
DX_598.0,ETH,0x9e59330e161ae8a726c1e6d90c9f5b279d80d180,,,2022-07-13 18:02:43.922942208,1,Transaction Limitation,dianxiang_sun,True
MARBLEX on BNB (MBX),ETH,,,,2022-07-14 00:00:00.000000000,0,,tm_rugpull,
DX_1889.0,ETH,0xb41cd0362eb3615edb14a7267ccc4cc7342feb1a,,,2022-07-14 14:30:03.152364272,1,Transaction Limitation,dianxiang_sun,True
DX_567.0,ETH,0x644e674ab4a967db367567af73d9895bd57e4bf1,,,2022-07-15 00:43:42.767075296,1,Transaction Limitation,dianxiang_sun,True
DX_283.0,ETH,0x1dd34b35d96f5159567ef4cad2c69c0f87c3195c,,,2022-07-15 10:57:22.381786336,1,Transaction Limitation,dianxiang_sun,True
DX_313.0,ETH,0x521a0d4917b1dec2c21b4807a3dd41c5325aa637,,,2022-07-15 10:57:22.381786336,1,Transaction Limitation,dianxiang_sun,True
EvolvedApes (EVA),ETH,,,,2022-07-16 00:00:00.000000000,1,,tm_rugpull,
Blur Finance (BLR),BSC,,,,2022-07-16 00:00:00.000000000,1,,tm_rugpull,
DX_807.0,ETH,0x348bb716bc4378560cd269f4a039aba957e24d1b,,,2022-07-16 17:38:21.225919440,1,Transaction Limitation,dianxiang_sun,True
Lever (LEVER),ETH,,,,2022-07-17 00:00:00.000000000,0,,tm_rugpull,
DX_2027.0,ETH,0x6ac1c11e5edae5e8963d664c8e8ad088360ab0b4,,,2022-07-17 14:05:40.455341504,1,Transaction Limitation,dianxiang_sun,True
Elron Token (ELR),BSC,,,,2022-07-18 00:00:00.000000000,1,,tm_rugpull,
DreamComeTrue (DCT),BSC,,,,2022-07-18 00:00:00.000000000,1,,tm_rugpull,
DX_156.0,ETH,0x842e5f159f67b44c0ebb9018c4a5817bba298c1c,,,2022-07-18 00:19:20.070052544,1,Fee,dianxiang_sun,True
Loop X Network (LOOP),BSC,,,,2022-07-19 00:00:00.000000000,1,,tm_rugpull,
DX_59.0,ETH,0xde7d89c6f08bfbf96d2f07548272b7559975f1f0,,,2022-07-19 07:00:18.914185632,1,Fee,dianxiang_sun,True
KISSAN (KSN),BSC,,,,2022-07-20 00:00:00.000000000,0,,tm_rugpull,
DX_1662.0,ETH,0x66df04d40a2d35b491ff30c9df0c7907552ae3e9,,,2022-07-20 03:27:38.143607696,1,Transaction Limitation,dianxiang_sun,True
ArenaPlay (APC),BSC,,,,2022-07-21 00:00:00.000000000,1,,tm_rugpull,
DX_1841.0,ETH,0xdcbda615b422ecace7242058eb2c321949290ff6,,,2022-07-21 10:08:36.987740800,1,Transaction Limitation,dianxiang_sun,True
Meta Apes Shell (SHELL),BSC,,,,2022-07-22 00:00:00.000000000,1,,tm_rugpull,
DX_1195.0,ETH,0xa8f69569cd82fa32128dc97eeca471448596d075,,,2022-07-22 06:35:56.217162864,1,Transaction Limitation,dianxiang_sun,True
DX_291.0,ETH,0x5d64d850c8368008afb39224e92ad0dceff3cf38,,,2022-07-22 06:35:56.217162864,1,Transaction Limitation,dianxiang_sun,True
DX_1380.0,ETH,0x8df36b9bb1e0e1ca7bde0423fc2b180e0a1ac232,,,2022-07-22 06:35:56.217162864,1,Transaction Limitation,dianxiang_sun,True
DX_2189.0,ETH,0xe65c53087e1a40b7c53b9a0ea3c2562ae2dfeb24,,,2022-07-22 06:35:56.217162864,1,Transaction Limitation,dianxiang_sun,True
DX_394.0,ETH,0x65f5683329365fe7d676ffd906d108b54a4768be,,,2022-07-22 06:35:56.217162864,1,Transaction Limitation,dianxiang_sun,True
DX_1297.0,ETH,0xef31821f66b9a6dbbe31e8ed0495bea3189421b1,,,2022-07-22 16:49:35.831873904,1,Transaction Limitation,dianxiang_sun,True
DX_345.0,ETH,0xfd1ccd0f8fabab9b5b81173de82de4a1566ac53f,,,2022-07-23 13:16:55.061295968,1,Transaction Limitation,dianxiang_sun,True
DX_233.0,BSC,0x43e9a9E4C5793cbF6b754e11171dbF43dc70095b,,,2022-07-24 09:44:14.290718032,1,Token Distribution,dianxiang_sun,True
DX_296.0,ETH,0x7fa4f8d1b089d79b65bc35805726a380e0ef4c1b,,,2022-07-24 09:44:14.290718032,1,Transaction Limitation,dianxiang_sun,True
DX_84.0,ETH,0x3b38bab9289f00411bb34a28cebb53a2010483ec,,,2022-07-24 09:44:14.290718032,1,Fee,dianxiang_sun,True
DX_2030.0,ETH,0x97e539d3e68f5dc17a662068a020c35457ebfdd1,,,2022-07-24 09:44:14.290718032,1,Transaction Limitation,dianxiang_sun,True
DX_1073.0,ETH,0x7e6d3ce80b9808353cf48276517a90b64a89dada,,,2022-07-24 19:57:53.905429072,1,Transaction Limitation,dianxiang_sun,True
CryptosTribe (CSTC),BSC,,,,2022-07-25 00:00:00.000000000,1,,tm_rugpull,
DX_864.0,ETH,0xa9fba963eb3bc7d6dd9b73c377a46d26a86ee148,,,2022-07-25 06:11:33.520140096,1,Transaction Limitation,dianxiang_sun,True
DX_123.0,ETH,0xf8d908cec0b7dc3f65411d2a73e7db151ba1ced5,,,2022-07-27 09:19:51.593695264,1,Fee,dianxiang_sun,True
DX_195.0,ETH,0x4c5265e635a4c84fa2fb4e0b05cc830486863be9,,,2022-07-28 05:47:10.823117328,1,Fee,dianxiang_sun,True
DX_823.0,ETH,0xd6469230d975ad64537c3e259a850e76d134dd48,,,2022-07-29 02:14:30.052539408,1,Transaction Limitation,dianxiang_sun,True
DX_2051.0,ETH,0xb6f3fb78b87a13d607c8081e14f77cb59d945cba,,,2022-07-29 22:41:49.281961472,1,Transaction Limitation,dianxiang_sun,True
CRP_19,Ethereum,0x51C5807dd8398aeDFCc91E6483417838B41EAeB8,,,2022-07-30 19:09:08.511383536,0,,crpwarner,True
DX_487.0,ETH,0x0add25024c15868f629784a2799bbfb5aafe63b7,,,2022-07-30 19:09:08.511383536,1,Transaction Limitation,dianxiang_sun,True
DX_537.0,ETH,0xee1fb106b0c794205f05c108b1d0b1576e9feb75,,,2022-07-30 19:09:08.511383536,1,Transaction Limitation,dianxiang_sun,True
DX_148.0,ETH,0x45dc8efd51b19a257d24d3925a2a47c1159173f1,,,2022-07-31 15:36:27.740805600,1,Fee,dianxiang_sun,True
BNQ Token (BNQ),BSC,,,,2022-08-01 00:00:00.000000000,1,,tm_rugpull,
FoodFarmer.Finance (FFF),ETH,,,,2022-08-02 00:00:00.000000000,1,,tm_rugpull,
DX_1664.0,ETH,0x57980520ea663a63184d9a16766396d5c5424406,,,2022-08-03 04:58:25.429071808,1,Transaction Limitation,dianxiang_sun,True
DX_962.0,ETH,0xa345618d9ec4f90c1988f7df6c4a34b403222b7e,,,2022-08-03 15:12:05.043782832,1,Transaction Limitation,dianxiang_sun,True
LooBr (LooBr),BSC,,,,2022-08-04 00:00:00.000000000,1,,tm_rugpull,
Metars (MRS),BSC,,,,2022-08-05 00:00:00.000000000,0,,tm_rugpull,
Armadillo Token ($ARMADILLO),BSC,,,,2022-08-05 00:00:00.000000000,1,,tm_rugpull,
DX_420.0,ETH,0x1af447b9a9d5b5c044dd7f135f764525afc985ea,,,2022-08-06 14:47:42.346760064,1,Transaction Limitation,dianxiang_sun,True
axon James Musk 2.0 (Saxon James Musk 2.0),BSC,,,,2022-08-07 00:00:00.000000000,1,,tm_rugpull,
DX_1132.0,ETH,0x79acfec5043a009aee96d72a22fb353d43965219,,,2022-08-07 01:01:21.961471104,1,Transaction Limitation,dianxiang_sun,True
DX_1152.0,ETH,0xbadbebfafda5ee33c1464c4167aece6fdbee26f9,,,2022-08-07 11:15:01.576182128,1,Transaction Limitation,dianxiang_sun,True
DX_1266.0,ETH,0x81aae40dcaa23e1465cdf996d0266866403437ac,,,2022-08-07 11:15:01.576182128,1,Transaction Limitation,dianxiang_sun,True
SEX DAO (SED),ETH,,,,2022-08-08 00:00:00.000000000,1,,tm_rugpull,
FTE (FTE),BSC,,,,2022-08-09 00:00:00.000000000,1,,tm_rugpull,
DX_1629.0,ETH,0x7a3d70f5c5c92b5d3503194c32bf824691fa2bca,,,2022-08-09 14:23:19.649737296,1,Transaction Limitation,dianxiang_sun,True
DX_2292.0,ETH,0xefbfc3f373c9cc5c0375403177d71bcc387d3597,,,2022-08-10 00:36:59.264448336,1,Transaction Limitation,dianxiang_sun,True
DX_1128.0,ETH,0xd53dc349df9c52bc5eb3cf07bf90dfaee768d0e5,,,2022-08-10 00:36:59.264448336,1,Transaction Limitation,dianxiang_sun,True
DX_1974.0,ETH,0x99dab0ae4f82fb792c780515c7e9036240e8e627,,,2022-08-10 10:50:38.879159360,1,Transaction Limitation,dianxiang_sun,True
DX_1645.0,ETH,0x8a514bf3f9db533f5c91fd8726330b9d93c5694a,,,2022-08-10 21:04:18.493870400,1,Transaction Limitation,dianxiang_sun,True
Aki Inu (Aki),BSC,,,,2022-08-12 00:00:00.000000000,1,,tm_rugpull,
RETAWATCH (RTW),BSC,,,,2022-08-13 00:00:00.000000000,1,,tm_rugpull,
DX_1530.0,ETH,0x6e0068944ae017d7d9821f776c26c01aa9f47d01,,,2022-08-13 10:26:16.182136592,1,Transaction Limitation,dianxiang_sun,True
DX_1309.0,ETH,0x4a96abebbe177eafa578c93d4932341b8b9e53e4,,,2022-08-13 10:26:16.182136592,1,Transaction Limitation,dianxiang_sun,True
DX_2193.0,ETH,0x3f2ef511aa6e75231e4deafc7a3d2ecab3741de2,,,2022-08-13 20:39:55.796847632,1,Transaction Limitation,dianxiang_sun,True
DX_1544.0,ETH,0x8faada787a273898cdeaf071e204a96a063b3821,,,2022-08-13 20:39:55.796847632,1,Transaction Limitation,dianxiang_sun,True
Sport Move (SPORT),BSC,,,,2022-08-14 00:00:00.000000000,1,,tm_rugpull,
DRAC Network (DRAC),ETH,,,,2022-08-14 00:00:00.000000000,1,,tm_rugpull,
DX_1318.0,ETH,0x28faf2746d74b947b2a09ceff1aed5a46dd6298d,,,2022-08-14 06:53:35.411558672,1,Transaction Limitation,dianxiang_sun,True
DX_1938.0,ETH,0xe77e5c817c527861eaf61bcc04e7b5e8081da58c,,,2022-08-14 06:53:35.411558672,1,Transaction Limitation,dianxiang_sun,True
DX_717.0,ETH,0x8d1d6e32f59829f6d2ea3be8dd0af8592c1808a7,,,2022-08-14 06:53:35.411558672,1,Transaction Limitation,dianxiang_sun,True
DX_750.0,ETH,0x3f122cf3587636dced8a339c7ef374af0dcf958f,,,2022-08-15 13:34:34.255691760,1,Transaction Limitation,dianxiang_sun,True
DX_812.0,ETH,0xc963792a69772ef4a20eac3d14f301a3340f4612,,,2022-08-15 13:34:34.255691760,1,Transaction Limitation,dianxiang_sun,True
DX_1989.0,ETH,0x95d388bf8bf6cf049957e2a29b31fbd54a46d728,,,2022-08-16 20:15:33.099824864,1,Transaction Limitation,dianxiang_sun,True
DX_1409.0,ETH,0x69d0c380d5cf0668a66e4ea26adb0434b5a4c105,,,2022-08-16 20:15:33.099824864,1,Transaction Limitation,dianxiang_sun,True
DX_530.0,ETH,0xc92eae97dbec8c2a487e83910d710e68b713b7e3,,,2022-08-16 20:15:33.099824864,1,Transaction Limitation,dianxiang_sun,True
DX_306.0,ETH,0x89f70fa9f439dbd0a1bc22a09befc56ada04d9b4,,,2022-08-17 06:29:12.714535904,1,Transaction Limitation,dianxiang_sun,True
DX_2003.0,ETH,0xed28ef42af3a742c9ccbc897210c61f6d468a439,,,2022-08-17 06:29:12.714535904,1,Transaction Limitation,dianxiang_sun,True
DX_118.0,ETH,0x94bd75a45399f76901f1ede457985fa850723999,,,2022-08-17 16:42:52.329246928,1,Fee,dianxiang_sun,True
DX_1973.0,ETH,0x8bc67f54a3681edf1297e94b654037b0e0db5195,,,2022-08-17 16:42:52.329246928,1,Transaction Limitation,dianxiang_sun,True
DX_297.0,ETH,0x08a2246dcb48db6a5a9e1f6bc082752fceddd106,,,2022-08-18 23:23:51.173380032,1,Transaction Limitation,dianxiang_sun,True
Alvey Chain (wALV),BSC,,,,2022-08-20 00:00:00.000000000,0,,tm_rugpull,
Alvey Chain (wALV),BSC,,,,2022-08-20 00:00:00.000000000,0,,tm_rugpull,
DX_1769.0,ETH,0xb69eedf6c803027e5fbca9b426aa4a9a5483acde,,,2022-08-21 12:45:48.861646224,1,Transaction Limitation,dianxiang_sun,True
DX_1850.0,ETH,0x7855db143c1eb6ead3fd795481994c15720a2897,,,2022-08-21 12:45:48.861646224,1,Transaction Limitation,dianxiang_sun,True
DX_469.0,ETH,0xe779059b6dabd502cfc6b83a919dc02376f481b8,,,2022-08-22 09:13:08.091068304,1,Transaction Limitation,dianxiang_sun,True
DX_1940.0,ETH,0x39328fbdcc042235c0a1a672a0e25f19c1cc61e7,,,2022-08-22 19:26:47.705779328,1,Transaction Limitation,dianxiang_sun,True
DX_1483.0,ETH,0xeff88f0d9f2ada0fde78f0d7836279cce738d356,,,2022-08-22 19:26:47.705779328,1,Transaction Limitation,dianxiang_sun,True
Dollar(PancakeLPs),BSC,,,,2022-08-23 00:00:00.000000000,1,,tm_rugpull,
DX_2284.0,ETH,0x2fe321bbb468d71cc392dd95082efef181df2038,,,2022-08-23 05:40:27.320490368,1,Transaction Limitation,dianxiang_sun,True
DX_2157.0,ETH,0x33685492a20234101b553d2a429ae8a6bf202e18,,,2022-08-23 05:40:27.320490368,1,Transaction Limitation,dianxiang_sun,True
DX_860.0,ETH,0x0c8bbd1f5857227cceea9288cf29d91555993fcc,,,2022-08-23 15:54:06.935201392,1,Transaction Limitation,dianxiang_sun,True
Pokemon (Pokemon),ETH,,,,2022-08-24 00:00:00.000000000,1,,tm_rugpull,
TopONE (TopONE) ,ETH,,,,2022-08-24 00:00:00.000000000,1,,tm_rugpull,
Helio Protocol (HELIO),BSC,,,,2022-08-25 00:00:00.000000000,1,,tm_rugpull,
DX_1694.0,ETH,0x2ea82986b66e602149f8a9a889bfdc14a9e646e2,,,2022-08-25 08:48:45.394045536,1,Transaction Limitation,dianxiang_sun,True
DX_1497.0,ETH,0x52cc5055494591c94ef1c49df3903e8781271dab,,,2022-08-25 08:48:45.394045536,1,Transaction Limitation,dianxiang_sun,True
DX_2110.0,ETH,0x791d0463b8813b827807a36852e4778be01b704e,,,2022-08-25 19:02:25.008756560,1,Transaction Limitation,dianxiang_sun,True
void.cash (VCASH),ETH,,,,2022-08-26 00:00:00.000000000,1,,tm_rugpull,
DX_2103.0,ETH,0xe19ca313512e0231340e778abe7110401c737c23,,,2022-08-26 05:16:04.623467600,1,Transaction Limitation,dianxiang_sun,True
DX_580.0,ETH,0x9e1da8357b8f8a7e6a6481c0838882c03d61e681,,,2022-08-26 05:16:04.623467600,1,Transaction Limitation,dianxiang_sun,True
DX_1736.0,ETH,0xeef02af34d1cdba75aa59585b95fa068a4612e09,,,2022-08-26 05:16:04.623467600,1,Transaction Limitation,dianxiang_sun,True
DX_1916.0,ETH,0x5961d5686c27eb23ed531e46b59d9cf95d99c45c,,,2022-08-26 15:29:44.238178624,1,Transaction Limitation,dianxiang_sun,True
DX_1453.0,ETH,0xf71b8e61273a2d0ec2d34a15faad63e8d442cd36,,,2022-08-27 22:10:43.082311728,1,Transaction Limitation,dianxiang_sun,True
GEMDAO (GemDAO),BSC,,,,2022-08-28 00:00:00.000000000,1,,tm_rugpull,
DX_1170.0,ETH,0x79d415b4cf08ddd17a262e65e28d915aebfc4b70,,,2022-08-28 08:24:22.697022768,1,Transaction Limitation,dianxiang_sun,True
DX_270.0,ETH,0x604e56f49e34beb2ea566e069c6911c60193acd7,,,2022-08-28 08:24:22.697022768,1,Token Generation,dianxiang_sun,True
DX_193.0,ETH,0xa027eb7d1f17a6f888a504c5fb32fe42e0d07d8e,,,2022-08-28 08:24:22.697022768,1,Fee,dianxiang_sun,True
DX_1389.0,ETH,0xd4faad4c85bb79ee37ac008670b32af27c4177d7,,,2022-08-28 18:38:02.311733792,1,Transaction Limitation,dianxiang_sun,True
DX_1328.0,ETH,0xb4d63fdebcd9bce7cda56f7914e6636cf64a54bf,,,2022-08-29 15:05:21.541155856,1,Transaction Limitation,dianxiang_sun,True
OrbitSwap (ORBIT),BSC,,,,2022-08-31 00:00:00.000000000,1,,tm_rugpull,
DX_398.0,ETH,0xe34e9e65f677dff45cf88771109fcd9049486cdf,,,2022-08-31 08:00:00.000000000,1,Transaction Limitation,dianxiang_sun,True
DX_656.0,ETH,0x5d2362d44151e32541fc93818487b92ecc00b1b3,,,2022-09-01 04:27:19.229422064,1,Transaction Limitation,dianxiang_sun,True
DX_727.0,ETH,0xcf52f475d4afb2ddfe13a6fd0f456c2efeac0c5c,,,2022-09-01 14:40:58.844133104,1,Transaction Limitation,dianxiang_sun,True
Doge Wars (DW),ETH,,,,2022-09-02 00:00:00.000000000,1,,tm_rugpull,
DX_1322.0,ETH,0x172cb37eadfdd3c6ab73e94f10c627d0380c6ff4,,,2022-09-02 00:54:38.458844128,1,Transaction Limitation,dianxiang_sun,True
DX_702.0,ETH,0x6ad3a8c599141d88b9ba4b410557ff0459b9e083,,,2022-09-04 04:02:56.532399296,1,Transaction Limitation,dianxiang_sun,True
DX_2047.0,ETH,0x65e6149e098dd951b579da258c6ea6e3c15dffa1,,,2022-09-04 04:02:56.532399296,1,Transaction Limitation,dianxiang_sun,True
DX_202.0,ETH,0xdf805bd5b48e46b583dfe97e0b5d95b3f8a5c7e7,,,2022-09-04 14:16:36.147110336,1,Fee,dianxiang_sun,True
Virus (VIRUS),BSC,,,,2022-09-05 00:00:00.000000000,1,,tm_rugpull,
DX_1159.0,ETH,0x7fe7bde68203a0aa16886029c4312bb22a0b33f5,,,2022-09-05 10:43:55.376532400,1,Transaction Limitation,dianxiang_sun,True
DX_2042.0,ETH,0x180d6c062b29bb2f4614a609ba0eb30ff1278b6b,,,2022-09-06 07:11:14.605954464,1,Transaction Limitation,dianxiang_sun,True
DX_2133.0,ETH,0x463f235748bc7862deaa04d85b4b16ac8fafef39,,,2022-09-06 17:24:54.220665488,1,Transaction Limitation,dianxiang_sun,True
Okratech (ORT),BSC,,,,2022-09-07 00:00:00.000000000,0,,tm_rugpull,
DX_93.0,ETH,0xb633ef8adc856b7ab4328c833c860f869152618e,,,2022-09-07 03:38:33.835376528,1,Fee,dianxiang_sun,True
DX_43.0,BSC,0x996F581341881A796481916C6B3f34f1B74Ffcdf,,,2022-09-08 00:05:53.064798592,1,External Call,dianxiang_sun,True
DX_982.0,ETH,0x4d9f1714363d4cbddfec9b8f8469df594b2368d5,,,2022-09-08 10:19:32.679509632,1,Transaction Limitation,dianxiang_sun,True
FlokiChain (FC),BSC,,,,2022-09-09 00:00:00.000000000,1,,tm_rugpull,
DX_1690.0,ETH,0xd7b4a8b4d0b0bd1366fcd4cc2ed8e2e8bb9f73e5,,,2022-09-09 06:46:51.908931696,1,Transaction Limitation,dianxiang_sun,True
DX_1414.0,ETH,0x5876744ef7da74610d00e24487b6376881deacd1,,,2022-09-09 17:00:31.523642736,1,Transaction Limitation,dianxiang_sun,True
DX_1774.0,ETH,0x6f8b61d0896b594e06274ea483a62f04a7fabf21,,,2022-09-10 03:14:11.138353760,1,Transaction Limitation,dianxiang_sun,True
DX_2194.0,ETH,0x55654a38372617aedd583009f76e28700e48fdad,,,2022-09-10 03:14:11.138353760,1,Transaction Limitation,dianxiang_sun,True
DX_1968.0,ETH,0x19ed654408f8d9713e6662b31aace377a9ca72e3,,,2022-09-10 13:27:50.753064800,1,Transaction Limitation,dianxiang_sun,True
DX_2060.0,ETH,0xcba180c68b3420d1926d0716643d60f0d4270a17,,,2022-09-10 23:41:30.367775824,1,Transaction Limitation,dianxiang_sun,True
DX_500.0,ETH,0x52412d82ffb4a54de7986c86b841f84dcfaec510,,,2022-09-11 09:55:09.982486864,1,Transaction Limitation,dianxiang_sun,True
DX_2347.0,ETH,0x69bfbf000bd39444af2efba733829b04211252bc,,,2022-09-11 09:55:09.982486864,1,Transaction Limitation,dianxiang_sun,True
DX_1184.0,ETH,0xbd36b14c63f483b286c7b49b6eaffb2fe10aabc4,,,2022-09-12 06:22:29.211908928,1,Transaction Limitation,dianxiang_sun,True
DX_2278.0,ETH,0x16aae4b322501c339ed31a41fb915ae305528585,,,2022-09-12 06:22:29.211908928,1,Transaction Limitation,dianxiang_sun,True
DX_634.0,ETH,0x6569ab4a0f8a95778bdaf7e91f8b86e05fd74dec,,,2022-09-12 06:22:29.211908928,1,Transaction Limitation,dianxiang_sun,True
DX_1867.0,ETH,0x16ecf8c29ff1f28b72b92e7375a3fec57b6e0c40,,,2022-09-12 16:36:08.826619968,1,Transaction Limitation,dianxiang_sun,True
DX_163.0,ETH,0xb2505b56648f42fd55bdd01109f6b9ab0696b309,,,2022-09-12 16:36:08.826619968,1,Fee,dianxiang_sun,True
DX_601.0,ETH,0xb8367cce6084866d6a2968d4dbb3d32807e7ed54,,,2022-09-13 02:49:48.441330992,1,Transaction Limitation,dianxiang_sun,True
DX_1597.0,ETH,0x2f1b026ac7b170a09253fcdc9cebd046b57b230e,,,2022-09-14 19:44:26.900175120,1,Transaction Limitation,dianxiang_sun,True
DX_48.0,ETH,0x25febd7c860b50c79dd38815a451b08f74b7cee5,,,2022-09-14 19:44:26.900175120,1,Fee,dianxiang_sun,True
Fuck The Merge (FUCKMERGE),ETH,,,,2022-09-15 00:00:00.000000000,1,,tm_rugpull,
DX_2167.0,ETH,0x50ddfe3722fc303cace413df41db23d55025e2e6,,,2022-09-16 22:52:44.973730288,1,Transaction Limitation,dianxiang_sun,True
CRP_14,Ethereum,0x455dedAcbe41c178953119847F2b95E2d9AD0a1D,,,2022-09-17 09:06:24.588441328,1,,crpwarner,True
DX_1013.0,ETH,0x5b23663c2a57468893194bac525fab994fac7dc2,,,2022-09-17 09:06:24.588441328,1,Transaction Limitation,dianxiang_sun,True
DX_2334.0,ETH,0x9bdb9d9bd3e348d93453400e46e71dd519c60503,,,2022-09-17 19:20:04.203152368,1,Transaction Limitation,dianxiang_sun,True
DX_833.0,ETH,0xa25247f9102d02dc5f11792a57c757c5d62d9acf,,,2022-09-18 05:33:43.817863392,1,Transaction Limitation,dianxiang_sun,True
DX_1988.0,ETH,0xf855a5e6407ddca7a00d86876a837dfc74812a43,,,2022-09-18 15:47:23.432574432,1,Transaction Limitation,dianxiang_sun,True
DX_69.0,ETH,0xb35bbac9157cd7552da93ac8785c64550663fe4a,,,2022-09-19 22:28:22.276707520,1,Fee,dianxiang_sun,True
DX_1460.0,ETH,0x8d0f07f2e554e7258d11c7e9b84b4da595cb4948,,,2022-09-19 22:28:22.276707520,1,Transaction Limitation,dianxiang_sun,True
DX_581.0,ETH,0x3caccd1890790a62652a51951c331a9c3fa1b232,,,2022-09-20 08:42:01.891418560,1,Transaction Limitation,dianxiang_sun,True
DX_1467.0,ETH,0x19dcdc263d45f26eec1a06c665a126c30038fecc,,,2022-09-20 08:42:01.891418560,1,Transaction Limitation,dianxiang_sun,True
DX_186.0,ETH,0x969e584c565054b06b9ecf3f0091d1e064d4aae1,,,2022-09-21 05:09:21.120840624,1,Fee,dianxiang_sun,True
DX_1062.0,ETH,0x221143b77922abd9e803b277861b29ec40753e99,,,2022-09-21 15:23:00.735551664,1,Transaction Limitation,dianxiang_sun,True
DX_140.0,ETH,0x090b01bccdfd66189a76182c83126fff81ec3a25,,,2022-09-21 15:23:00.735551664,1,Fee,dianxiang_sun,True
Humanized_AI(HMT),ETH,,,,2022-09-23 00:00:00.000000000,1,,tm_rugpull,
DX_1565.0,ETH,0x3319c667fa0eafe5a59e532b503ff5c65b1145ce,,,2022-09-23 08:17:39.194395792,1,Transaction Limitation,dianxiang_sun,True
DX_1849.0,ETH,0x083fa1a4b9e74ac3d8452078801fbac9a9eed725,,,2022-09-25 01:12:17.653239920,1,Transaction Limitation,dianxiang_sun,True
DX_1145.0,ETH,0x8e0f9053dad16fe33afa63803bda568f388a411f,,,2022-09-26 18:06:56.112084064,1,Transaction Limitation,dianxiang_sun,True
DX_1064.0,ETH,0x0d8f8eed22893a849678b48a519ae5df6c90e0ae,,,2022-09-27 14:34:15.341506128,1,Transaction Limitation,dianxiang_sun,True
DX_844.0,ETH,0x084ea8fabc7b250566d91bb5f28ef09336160ee2,,,2022-09-28 11:01:34.570928192,1,Transaction Limitation,dianxiang_sun,True
GullFinance Token (GULL),POLYGON,,,,2022-09-29 00:00:00.000000000,1,,tm_rugpull,
Metaverser Token (mtvt),BSC,,,,2022-09-29 00:00:00.000000000,0,,tm_rugpull,
DX_1673.0,ETH,0xc0581c30ef2186ee6c1a8d9de21ea80ea664a26c,,,2022-09-29 07:28:53.800350256,1,Transaction Limitation,dianxiang_sun,True
DX_574.0,ETH,0x0434358b528e14d05a746304a32c57582eb6df75,,,2022-09-29 17:42:33.415061296,1,Transaction Limitation,dianxiang_sun,True
The Micro Elements (TME),BSC,,,,2022-09-30 00:00:00.000000000,1,,tm_rugpull,
Axelar (AXL),ETH,,,,2022-10-02 00:00:00.000000000,0,,tm_rugpull,
DX_1817.0,ETH,0xf8d90dcd9185e402bad45ec68da23ea1f7d59730,,,2022-10-02 17:18:10.718038528,1,Transaction Limitation,dianxiang_sun,True
DX_1223.0,ETH,0x412340a9039a319d94de428b12885b3991fe373c,,,2022-10-03 13:45:29.947460592,1,Transaction Limitation,dianxiang_sun,True
DX_1706.0,ETH,0xc93d7496b9c252864f8f80ebc7106e3bda78e8e2,,,2022-10-03 23:59:09.562171632,1,Transaction Limitation,dianxiang_sun,True
DX_258.0,BSC,0x8b1d897aE48a0F6ee118eAE829F2c1C8D48e44B7,,,2022-10-03 23:59:09.562171632,1,Token Generation,dianxiang_sun,True
Impermax (IMX),ETH,,,,2022-10-04 00:00:00.000000000,0,,tm_rugpull,
DX_527.0,ETH,0x54372a9ce490f59cb8e20ef4ca6722d400db4e92,,,2022-10-04 20:26:28.791593696,1,Transaction Limitation,dianxiang_sun,True
DX_913.0,ETH,0xd310c9d769b02217cc577ae0ad128dd364d7f4bc,,,2022-10-04 20:26:28.791593696,1,Transaction Limitation,dianxiang_sun,True
DX_466.0,ETH,0x0dd13e9ffe0f94a76da4e9bb37500d42ddcd3d5a,,,2022-10-05 16:53:48.021015760,1,Transaction Limitation,dianxiang_sun,True
DX_1023.0,ETH,0x4ed633f9ebcfd9a1b575736934cbae26bcace6b5,,,2022-10-06 13:21:07.250437824,1,Transaction Limitation,dianxiang_sun,True
exbase.finance (EXBASE),ETH,,,,2022-10-07 00:00:00.000000000,1,,tm_rugpull,
DX_488.0,ETH,0xd1be3e16e5790b955104311ed0af5204b92967cd,,,2022-10-07 09:48:26.479859888,1,Transaction Limitation,dianxiang_sun,True
DX_995.0,ETH,0x0087feb9d0884720347fdd360a51dbff799b3d1e,,,2022-10-07 09:48:26.479859888,1,Transaction Limitation,dianxiang_sun,True
BNB Hack Inu (BNBHACK),ETH,,,,2022-10-08 00:00:00.000000000,1,,tm_rugpull,
DX_682.0,ETH,0x768acf92b4edbaef83f83baa90d74c0d2cb50e6e,,,2022-10-08 16:29:25.323992992,1,Transaction Limitation,dianxiang_sun,True
DX_1197.0,ETH,0xe846c6fcf817734ca4527b28ccb4aea2b6663c79,,,2022-10-09 12:56:44.553415056,1,Transaction Limitation,dianxiang_sun,True
DX_2357.0,ETH,0xfd1e3d3e641f224ce8e1117866cf3f01ed2d5d9f,,,2022-10-09 23:10:24.168126096,1,Transaction Limitation,dianxiang_sun,True
DX_181.0,ETH,0xe2cba126666dd86f1e21586724042c4881018d05,,,2022-10-10 09:24:03.782837120,1,Fee,dianxiang_sun,True
DX_816.0,ETH,0xf8fc614f091a64a8a960195f31e776a23712f87e,,,2022-10-10 19:37:43.397548160,1,Transaction Limitation,dianxiang_sun,True
DX_2112.0,ETH,0xd116d1349c1382b0b302086a4e4219ae4f8634ff,,,2022-10-11 05:51:23.012259184,1,Transaction Limitation,dianxiang_sun,True
DX_1801.0,ETH,0x3bedb591a417747513f1b528fa42e3c1e82b7ea4,,,2022-10-12 12:32:21.856392288,1,Transaction Limitation,dianxiang_sun,True
CRP_67,Ethereum,0x87230146E138d3F296a9a77e497A2A83012e9Bc5,,,2022-10-13 19:13:20.700525392,0,,crpwarner,True
DX_1768.0,ETH,0xfb8c4fbdb022e502593ef07161ecc424983cc1f1,,,2022-10-14 05:27:00.315236416,1,Transaction Limitation,dianxiang_sun,True
DX_1763.0,ETH,0x4dd0a8c7afc05267a708833f029c31da0142d2dd,,,2022-10-15 01:54:19.544658496,1,Transaction Limitation,dianxiang_sun,True
DX_1639.0,ETH,0x83e88fc9ac8af15bb2531fc846c38bf713a5c4d0,,,2022-10-17 05:02:37.618213664,1,Transaction Limitation,dianxiang_sun,True
DX_1274.0,ETH,0x60496e89b647ee2c2e9501327bd8c834cb22a13b,,,2022-10-18 01:29:56.847635728,1,Transaction Limitation,dianxiang_sun,True
DX_366.0,ETH,0xbf799a2f71d020a4a8c10e7406e2bf970b3d734b,,,2022-10-18 11:43:36.462346752,1,Transaction Limitation,dianxiang_sun,True
Tribal Token (TRIBL),ETH,,,,2022-10-19 00:00:00.000000000,0,,tm_rugpull,
DX_432.0,ETH,0xc6fbe1a9ad6ce9a9cc939a006e54d7976b3ffe32,,,2022-10-19 08:10:55.691768816,1,Transaction Limitation,dianxiang_sun,True
DX_708.0,ETH,0x5c361a086b678d874eef3845ada9e8ba81d404b9,,,2022-10-20 04:38:14.921190896,1,Transaction Limitation,dianxiang_sun,True
DX_1031.0,ETH,0xe6876427957d026336824f429ba605348ffcfe88,,,2022-10-20 14:51:54.535901920,1,Transaction Limitation,dianxiang_sun,True
XDAO (XDAO),ETH,,,,2022-10-21 00:00:00.000000000,1,,tm_rugpull,
Aptos Coin (APT),ETH,,,,2022-10-21 00:00:00.000000000,0,,tm_rugpull,
DX_1166.0,ETH,0x74d0fd4292cfe7cf5fad95ac8ad312484cd24eba,,,2022-10-22 18:00:12.609457088,1,Transaction Limitation,dianxiang_sun,True
DX_107.0,ETH,0xcc3170b03ccef4518ac295e09f7e8adf35abdd63,,,2022-10-22 18:00:12.609457088,1,Fee,dianxiang_sun,True
DX_1284.0,ETH,0xe1fa4a7183db1830df1cad1c4747662d01d6e8ab,,,2022-10-23 04:13:52.224168128,1,Transaction Limitation,dianxiang_sun,True
DX_1776.0,ETH,0x35acaf423c512052b3be35fa278c3c01c2249eb0,,,2022-10-23 04:13:52.224168128,1,Transaction Limitation,dianxiang_sun,True
DX_1333.0,ETH,0x4319779cac0c1fa014a405ca7a0393d432eb1e20,,,2022-10-23 14:27:31.838879152,1,Transaction Limitation,dianxiang_sun,True
DX_1955.0,ETH,0x026abd87ec2b39f5040a468d5af00f7ffd1b4881,,,2022-10-23 14:27:31.838879152,1,Transaction Limitation,dianxiang_sun,True
DX_929.0,ETH,0x414d52b62c39d7a0787bc6582577a2989596a952,,,2022-10-23 14:27:31.838879152,1,Transaction Limitation,dianxiang_sun,True
DX_1056.0,ETH,0xe822d16c4a9e17ca2480ac62e4627a89de3ccea8,,,2022-10-25 17:35:49.912434320,1,Transaction Limitation,dianxiang_sun,True
DX_650.0,ETH,0xc26464e7515e9c99802ca3f36649e62af5c82301,,,2022-10-25 17:35:49.912434320,1,Transaction Limitation,dianxiang_sun,True
DX_2192.0,ETH,0x3d8a10ce3228cb428cb56baa058d4432464ea25d,,,2022-10-26 03:49:29.527145360,1,Transaction Limitation,dianxiang_sun,True
DX_1241.0,ETH,0x6c1af18a949c293ad4bfc0dc455b463498463705,,,2022-10-26 14:03:09.141856384,1,Transaction Limitation,dianxiang_sun,True
DX_2271.0,ETH,0x2cc8e271f11934f5fa15942dfda2b59432c2e0f3,,,2022-10-26 14:03:09.141856384,1,Transaction Limitation,dianxiang_sun,True
DX_576.0,ETH,0xca9c8839a868f30b5ed03bc27a07a42e319fb1ba,,,2022-10-27 00:16:48.756567424,1,Transaction Limitation,dianxiang_sun,True
Magpie Token (MGP),BSC,,,,2022-10-28 00:00:00.000000000,0,,tm_rugpull,
Apache NFT SalesRoom (ASN),BSC,,,,2022-10-28 00:00:00.000000000,1,,tm_rugpull,
CRP_29,Ethereum,0x0414D8C87b271266a5864329fb4932bBE19c0c49,,,2022-10-30 10:06:05.674255696,1,,crpwarner,True
DX_1200.0,ETH,0xb8aacbd35c529f3236d7713f4ef2cfcebfa415cc,,,2022-10-30 10:06:05.674255696,1,Transaction Limitation,dianxiang_sun,True
DX_2089.0,ETH,0x559cc6564ef51bd1ad9fbe752c9455cb6fb7feb1,,,2022-10-30 20:19:45.288966720,1,Transaction Limitation,dianxiang_sun,True
DX_477.0,ETH,0x15479436236164f8f6c8cc3a7d9cc9711314023a,,,2022-11-01 03:00:44.133099824,1,Transaction Limitation,dianxiang_sun,True
DX_2065.0,ETH,0x7e519f052a395cd39fe6219f7ddb3a27a3e147ed,,,2022-11-02 19:55:22.591943952,1,Transaction Limitation,dianxiang_sun,True
Wettok Market (WTO),BSC,,,,2022-11-03 00:00:00.000000000,1,,tm_rugpull,
DX_1815.0,ETH,0x90f7be4b31842b86d74e69ed72b26522227c684f,,,2022-11-03 06:09:02.206654992,1,Transaction Limitation,dianxiang_sun,True
DX_61.0,ETH,0xc43e92c3496a2d9c8993e8001ffe4b8d6f0972af,,,2022-11-03 06:09:02.206654992,1,Fee,dianxiang_sun,True
DX_372.0,ETH,0xdf859c9878ef5e742d7bbe3c22a496c088c89fa9,,,2022-11-03 06:09:02.206654992,1,Transaction Limitation,dianxiang_sun,True
DX_545.0,ETH,0x811b783c762d7635a6c1dc58fb62bfaa61092f32,,,2022-11-03 06:09:02.206654992,1,Transaction Limitation,dianxiang_sun,True
DX_911.0,ETH,0x72735a7d1eb69f3238aee15fa07e77d5d139cc0f,,,2022-11-04 02:36:21.436077056,1,Transaction Limitation,dianxiang_sun,True
DX_424.0,ETH,0xcabd10ed33d3fd1df9609f64f53b9efce60f4155,,,2022-11-04 12:50:01.050788080,1,Transaction Limitation,dianxiang_sun,True
DX_201.0,ETH,0xbed0907ab6b26b84cad73fb80a395337ec4c23d7,,,2022-11-04 23:03:40.665499120,1,Fee,dianxiang_sun,True
Lymex (LYM),BSC,,,,2022-11-06 00:00:00.000000000,1,,tm_rugpull,
DX_2306.0,ETH,0x13c547ff0888a0a876e6f1304eaefe9e6e06fc4b,,,2022-11-06 15:58:19.124343248,1,Transaction Limitation,dianxiang_sun,True
DX_1249.0,ETH,0x2ef72493787f05c4f8946c70bd0438088cc3e3f7,,,2022-11-07 02:11:58.739054288,1,Transaction Limitation,dianxiang_sun,True
DX_1644.0,ETH,0xb330eb3c9453097d754e99d28c2ea5ace1cc83b7,,,2022-11-07 02:11:58.739054288,1,Transaction Limitation,dianxiang_sun,True
DX_1865.0,ETH,0xb7bbe273aba62e86e5c43d48609453a154609b7d,,,2022-11-07 12:25:38.353765328,1,Transaction Limitation,dianxiang_sun,True
DX_704.0,ETH,0x1a848855b63dac25b339deea78d48b890511ab07,,,2022-11-07 12:25:38.353765328,1,Transaction Limitation,dianxiang_sun,True
DX_1277.0,ETH,0xca5a7b801f5ab593f58865fa7828b2897af489f5,,,2022-11-07 22:39:17.968476352,1,Transaction Limitation,dianxiang_sun,True
Rabbit2023 (RABBIT),ETH,,,,2022-11-08 00:00:00.000000000,1,,tm_rugpull,
DX_1858.0,ETH,0x17018814985480262eb48e26b3e78c226966b405,,,2022-11-08 08:52:57.583187392,1,Transaction Limitation,dianxiang_sun,True
culs (culs),BSC,,,,2022-11-10 00:00:00.000000000,1,,tm_rugpull,
DX_1011.0,ETH,0x23dbf11ddc9a9aa56a673e67e302b86e3d25a97f,,,2022-11-10 01:47:36.042031520,1,Transaction Limitation,dianxiang_sun,True
DX_691.0,ETH,0xdb62dd44e2bd094839718966c99b08986379f973,,,2022-11-11 08:28:34.886164624,1,Transaction Limitation,dianxiang_sun,True
DX_1173.0,ETH,0xf8dae561f805c06a598dff523586ac6f41b941d5,,,2022-11-12 04:55:54.115586688,1,Transaction Limitation,dianxiang_sun,True
DX_1514.0,ETH,0x1eda439555f9c2ad5b12761f3c99897d9bdd9d95,,,2022-11-13 11:36:52.959719792,1,Transaction Limitation,dianxiang_sun,True
CRP_21,Ethereum,0x9372b371196751dd2F603729Ae8D8014BbeB07f6,,,2022-11-13 11:36:52.959719792,1,,crpwarner,True
DX_1358.0,ETH,0x85ba591b3444ed01b5d7f8cebdb897494709bbdc,,,2022-11-13 21:50:32.574430816,1,Transaction Limitation,dianxiang_sun,True
DX_227.0,BSC,0x24426B171DDc9B6e14D95e92C88415B141E4dB5A,,,2022-11-14 18:17:51.803852880,1,Token Distribution,dianxiang_sun,True
Cesar Hard Fork,BSC,,,,2022-11-15 00:00:00.000000000,1,,tm_rugpull,
BTDOG (BTDOG),BSC,,,,2022-11-16 00:00:00.000000000,1,,tm_rugpull,
DX_749.0,ETH,0x8480828d5b2976fab039e5a2f59f40b9cfa4be0a,,,2022-11-16 21:26:09.877408048,1,Transaction Limitation,dianxiang_sun,True
METABEAT (BEAT),POLYGON,,,,2022-11-17 00:00:00.000000000,0,,tm_rugpull,
DX_611.0,ETH,0x778602c7052ef47e155c928eaac6bab7c5983cf6,,,2022-11-17 07:39:49.492119088,1,Transaction Limitation,dianxiang_sun,True
CRP_50,Ethereum,0x6b5e9e55921e5e412cF1002599c05d4428cF50c5,,,2022-11-17 07:39:49.492119088,0,,crpwarner,True
DX_972.0,ETH,0x70fd662ff423782e58d75d03c4814805e8c1e351,,,2022-11-18 04:07:08.721541152,1,Transaction Limitation,dianxiang_sun,True
DX_2329.0,ETH,0x68af0f18c974a9603ec863fefcebb4ceb2589070,,,2022-11-19 10:48:07.565674256,1,Transaction Limitation,dianxiang_sun,True
DX_2227.0,ETH,0x1237b26652eebf1cb8f59e07e07101c0df4f60f6,,,2022-11-20 17:29:06.409807344,1,Transaction Limitation,dianxiang_sun,True
DX_1374.0,ETH,0xf246122b1e742b9aa599a100a6c032d1a25ea624,,,2022-11-20 17:29:06.409807344,1,Transaction Limitation,dianxiang_sun,True
DX_1741.0,ETH,0x420cd8e8f80c2196e49a0e1a671cb3dd1f132221,,,2022-11-23 06:51:04.098073552,1,Transaction Limitation,dianxiang_sun,True
DX_449.0,ETH,0x654f6a5ccfed76793821b98608099ab921752034,,,2022-11-23 06:51:04.098073552,1,Transaction Limitation,dianxiang_sun,True
CRP_0,Ethereum,0x93023F1D3525E273F291B6f76d2F5027A39BF302,,,2022-11-24 03:18:23.327495616,1,,crpwarner,True
DX_1657.0,ETH,0xe02889ad55cbd30c95894fe038debe7314e68a1d,,,2022-11-24 13:32:02.942206656,1,Transaction Limitation,dianxiang_sun,True
DX_1370.0,ETH,0x75b679bb4ddc8c77ffc5b33f1d139dc9d8f9f51f,,,2022-11-24 23:45:42.556917680,1,Transaction Limitation,dianxiang_sun,True
DX_620.0,ETH,0x252b36e91bc5a387ea4f18b600acd7d58b5db8a6,,,2022-11-26 06:26:41.401050784,1,Transaction Limitation,dianxiang_sun,True
Atlas Navi (NAVI),ETH,,,,2022-11-29 00:00:00.000000000,0,,tm_rugpull,
Bird.Money (BIRD),ETH,,,,2022-11-30 00:00:00.000000000,0,,tm_rugpull,
DX_415.0,ETH,0x593e078d0f343359a7ff1b2e290d6db6cfd060d5,,,2022-11-30 02:29:37.933450080,1,Transaction Limitation,dianxiang_sun,True
DX_1324.0,ETH,0xb85f4a0325a6652afbd606eb5173d374308cf287,,,2022-11-30 12:43:17.548161120,1,Transaction Limitation,dianxiang_sun,True
DX_1392.0,ETH,0xb6981f6e827767b57c5bf9be0d48a5456dca0925,,,2022-11-30 12:43:17.548161120,1,Transaction Limitation,dianxiang_sun,True
DX_1643.0,ETH,0xd34747fa6c472ebb62cb83b4a0a8b71551ab436f,,,2022-12-01 19:24:16.392294224,1,Transaction Limitation,dianxiang_sun,True
DX_735.0,ETH,0xa8419d9e0c6afb1d5d1d126bd175a5b21dd9ee98,,,2022-12-02 15:51:35.621716288,1,Transaction Limitation,dianxiang_sun,True
DX_1570.0,ETH,0xa2c3fd723ff7d9b2585eae939547caf2a0fd771a,,,2022-12-03 02:05:15.236427312,1,Transaction Limitation,dianxiang_sun,True
DX_1652.0,ETH,0x836c6b2be9bfb5497e4ce48003ab86db05c0fbe5,,,2022-12-03 22:32:34.465849376,1,Transaction Limitation,dianxiang_sun,True
DX_793.0,ETH,0xc0de7c0226381baa35fb60d63c6466c21b845d6a,,,2022-12-04 08:46:14.080560416,1,Transaction Limitation,dianxiang_sun,True
DX_30.0,ETH,0xafaefa2a7c7aab9f8b047268500035514487ef0a,,,2022-12-05 05:13:33.309982480,1,Destroy Token,dianxiang_sun,True
DX_888.0,ETH,0x4e27e0fab344b2e0434255ebe755ec0415155e2c,,,2022-12-05 15:27:12.924693520,1,Transaction Limitation,dianxiang_sun,True
DX_188.0,ETH,0x2a451239473fade5706909b351f308fef8ba760c,,,2022-12-06 01:40:52.539404544,1,Fee,dianxiang_sun,True
DX_1139.0,ETH,0x0ae7b7588de17fcb4eef73a5b2438ab90aa26345,,,2022-12-06 11:54:32.154115584,1,Transaction Limitation,dianxiang_sun,True
